county,date,allbed_mean,allbed_lower,allbed_upper,ICUbed_mean,ICUbed_lower,ICUbed_upper,InvVen_mean,InvVen_lower,InvVen_upper,admis_mean,admis_lower,admis_upper,newICU_mean,newICU_lower,newICU_upper,bedover_mean,bedover_lower,bedover_upper,icuover_mean,icuover_lower,icuover_upper,deaths_mean,deaths_lower,deaths_upper,totdea_mean,totdea_lower,totdea_upper,deaths_mean_smoothed,deaths_lower_smoothed,deaths_upper_smoothed,totdea_mean_smoothed,totdea_lower_smoothed,totdea_upper_smoothed,mobility_data_type,mobility_composite,total_tests_data_type,total_tests,confirmed_infections,est_infections_mean,est_infections_lower,est_infections_upper
New York,2020-02-04,0,0,0,0,0,0,0,0,0,0,0,0,0,0,0,0,0,0,0,0,0,0,0,0,0,0,0,0,0,0,0,0,0,,,,,,0,0,0
New York,2020-02-05,0,0,0,0,0,0,0,0,0,0,0,0,0,0,0,0,0,0,0,0,0,0,0,0,0,0,0,0,0,0,0,0,0,,,,,,0,0,0
New York,2020-02-06,0,0,0,0,0,0,0,0,0,0,0,0,0,0,0,0,0,0,0,0,0,0,0,0,0,0,0,0,0,0,0,0,0,,,,,,0,0,0
New York,2020-02-07,0,0,0,0,0,0,0,0,0,0,0,0,0,0,0,0,0,0,0,0,0,0,0,0,0,0,0,0,0,0,0,0,0,,,,,,0,0,0
New York,2020-02-08,0,0,0,0,0,0,0,0,0,0,0,0,0,0,0,0,0,0,0,0,0,0,0,0,0,0,0,0,0,0,0,0,0,observed,-2.41666930646768,,,,0,0,0
New York,2020-02-09,0,0,0,0,0,0,0,0,0,0,0,0,0,0,0,0,0,0,0,0,0,0,0,0,0,0,0,0,0,0,0,0,0,observed,-1.94405653368632,,,,0,0,0
New York,2020-02-10,0,0,0,0,0,0,0,0,0,0,0,0,0,0,0,0,0,0,0,0,0,0,0,0,0,0,0,0,0,0,0,0,0,observed,-1.40684526853695,,,,0,0,0
New York,2020-02-11,0,0,0,0,0,0,0,0,0,0,0,0,0,0,0,0,0,0,0,0,0,0,0,0,0,0,0,0,0,0,0,0,0,observed,-0.916475565659923,,,,0,0,0
New York,2020-02-12,0,0,0,0,0,0,0,0,0,0,0,0,0,0,0,0,0,0,0,0,0,0,0,0,0,0,0,0,0,0,0,0,0,observed,-0.578144703327727,,,,0,0,0
New York,2020-02-13,0,0,0,0,0,0,0,0,0,0,0,0,0,0,0,0,0,0,0,0,0,0,0,0,0,0,0,0,0,0,0,0,0,observed,-0.466204920636436,,,,0,0,0
New York,2020-02-14,0,0,0,0,0,0,0,0,0,0,0,0,0,0,0,0,0,0,0,0,0,0,0,0,0,0,0,0,0,0,0,0,0,observed,-0.603740975872508,,,,0,0,0
New York,2020-02-15,0,0,0,0,0,0,0,0,0,0,0,0,0,0,0,0,0,0,0,0,0,0,0,0,0,0,0,0,0,0,0,0,0,observed,-0.948944376698332,,,,0,0,0
New York,2020-02-16,0,0,0,0,0,0,0,0,0,0,0,0,0,0,0,0,0,0,0,0,0,0,0,0,0,0,0,0,0,0,0,0,0,observed,-1.39995423433582,,,,0,0,0
New York,2020-02-17,0,0,0,0,0,0,0,0,0,0,0,0,0,0,0,0,0,0,0,0,0,0,0,0,0,0,0,0,0,0,0,0,0,observed,-1.81199630711308,,,,0,0,0
New York,2020-02-18,0,0,0,0,0,0,0,0,0,0,0,0,0,0,0,0,0,0,0,0,0,0,0,0,0,0,0,0,0,0,0,0,0,observed,-2.04843352584005,,,,2.61945656473797,0,14.2416925478094
New York,2020-02-19,0,0,0,0,0,0,0,0,0,0,0,0,0,0,0,0,0,0,0,0,0,0,0,0,0,0,0,0,0,0,0,0,0,observed,-2.06180130390509,,,,6.81953652386923,0,23.7012192033307
New York,2020-02-20,0,0,0,0,0,0,0,0,0,0,0,0,0,0,0,0,0,0,0,0,0,0,0,0,0,0,0,0,0,0,0,0,0,observed,-1.87905464213865,,,,13.9741230389304,0,39.5052979385045
New York,2020-02-21,0,0,0,0,0,0,0,0,0,0,0,0,0,0,0,0,0,0,0,0,0,0,0,0,0,0,0,0,0,0,0,0,0,observed,-1.56359395578238,,,,26.2199396109218,0,65.5569154957535
New York,2020-02-22,0,0,0,0,0,0,0,0,0,0,0,0,0,0,0,0,0,0,0,0,0,0,0,0,0,0,0,0,0,0,0,0,0,observed,-1.19763351229178,,,,46.8079815271899,10.968859560555,109.858396373786
New York,2020-02-23,0,0,0,0,0,0,0,0,0,0,0,0,0,0,0,0,0,0,0,0,0,0,0,0,0,0,0,0,0,0,0,0,0,observed,-0.864212116841141,,,,78.9705768279121,18.8450933634253,185.090845379708
New York,2020-02-24,0,0,0,0,0,0,0,0,0,0,0,0,0,0,0,0,0,0,0,0,0,0,0,0,0,0,0,0,0,0,0,0,0,observed,-0.614578015104346,,,,132.662917165382,32.4388936012396,307.48203526912
New York,2020-02-25,0,0,0,0,0,0,0,0,0,0,0,0,0,0,0,0,0,0,0,0,0,0,0,0,0,0,0,0,0,0,0,0,0,observed,-0.456490588726474,,,,220.059706318027,55.4476907896154,503.228285053799
New York,2020-02-26,0,0,0,0,0,0,0,0,0,0,0,0,0,0,0,0,0,0,0,0,0,0,0,0,0,0,0,0,0,0,0,0,0,observed,-0.370962061560522,,,,358.861330861159,94.7126566955905,802.006170332161
New York,2020-02-27,0,0,0,0,0,0,0,0,0,0,0,0,0,0,0,0,0,0,0,0,0,0,0,0,0,0,0,0,0,0,0,0,0,observed,-0.328668401855222,,,,573.837681621988,161.08232503935,1258.2476866673
New York,2020-02-28,0,0,0,0,0,0,0,0,0,0,0,0,0,0,0,0,0,0,0,0,0,0,0,0,0,0,0,0,0,0,0,0,0,observed,-0.299707689086805,,,,898.312708916637,270.123953311965,1926.96587684661
New York,2020-02-29,0,0,0,0,0,0,0,0,0,0,0,0,0,0,0,0,0,0,0,0,0,0,0,0,0,0,0,0,0,0,0,0,0,observed,-0.271963337107415,,,,1375.78013663725,444.483741938963,2874.338897127
New York,2020-03-01,0,0,0,0,0,0,0,0,0,0,0,0,0,0,0,0,0,0,0,0,0,0,0,0,0,0,0,0,0,0,0,0,0,observed,-0.243332434596816,observed,20.1165383740892,1,2061.61318640988,706.573461878087,4197.11439523066
New York,2020-03-02,0,0,0,0,0,0,0,0,0,0,0,0,0,0,0,0,0,0,0,0,0,0,0,0,0,0,0,0,0,0,0,0,0,observed,-0.199248544975923,observed,29.9344046832005,0,3023.1392878756,1098.0017291085,5981.65400440237
New York,2020-03-03,0,0,0,0,0,0,0,0,0,0,0,0,0,0,0,0,0,0,0,0,0,0,0,0,0,0,0,0,0,0,0,0,0,observed,-0.134734888219949,observed,47.8468288194782,2,4338.67959199875,1673.23630591118,8319.51293134518
New York,2020-03-04,0,0,0,0,0,0,0,0,0,0,0,0,0,0,0,0,0,0,0,0,0,0,0,0,0,0,0,0,0,0,0,0,0,observed,-0.0765206245857613,observed,78.2875619881855,8.99999999999999,6094.81551938872,2498.53719998969,11345.8313445743
New York,2020-03-05,0,0,0,0,0,0,0,0,0,0,0,0,0,0,0,0,0,0,0,0,0,0,0,0,0,0,0,0,0,0,0,0,0,observed,-0.0898390847951802,observed,125.657923787784,11,8381.50174124337,3654.17009733837,15087.6117730568
New York,2020-03-06,0,0,0,0,0,0,0,0,0,0,0,0,0,0,0,0,0,0,0,0,0,0,0,0,0,0,0,0,0,0,0,0,0,observed,-0.271872508265446,observed,192.702660537402,2.00000000000001,11284.8979279316,5207.20552407501,19681.471825312
New York,2020-03-07,0,0,0,0,0,0,0,0,0,0,0,0,0,0,0,0,0,0,0,0,0,0,0,0,0,0,0,0,0,0,0,0,0,observed,-0.741564523914423,observed,280.038953196532,52,14878.1874494183,7277.11765715572,25055.8739594916
New York,2020-03-08,0,0,0,0,0,0,0,0,0,0,0,0,0,0,0,0,0,0,0,0,0,0,0,0,0,0,0,0,0,0,0,0,0,observed,-1.62982171286798,observed,387.500029976985,31,19211.0963628411,9966.04279467544,31351.7211825681
New York,2020-03-09,0,0,0,0,0,0,0,0,0,0,0,0,0,0,0,0,0,0,0,0,0,0,0,0,0,0,0,0.118101834314331,0.118101834314331,0.118101834314331,0.118101834314331,0.118101834314331,0.118101834314331,observed,-3.05528507471358,observed,516.245267786721,34.9999999999999,24299.2543316656,13294.2723220414,38460.6045947576
New York,2020-03-10,0,0,0,0,0,0,0,0,0,0,0,0,0,0,0,0,0,0,0,0,0,0,0,0,0,0,0,0.199262592825085,0.199262592825085,0.199262592825085,0.317364427139416,0.317364427139416,0.317364427139416,observed,-5.10715675747072,observed,670.987468699731,67.0000000000002,30114.7358783144,17374.3840658288,46073.8382752305
New York,2020-03-11,0,0,0,0,0,0,0,0,0,0,0,0,0,0,0,0,0,0,0,0,0,0,0,0,0,0,0,0.336197479684302,0.336197479684302,0.336197479684302,0.653561906823718,0.653561906823718,0.653561906823718,observed,-7.83925260565037,observed,863.062905262129,61.9999999999997,36580.185969359,22250.2296409019,53947.0195556595
New York,2020-03-12,30.5,13.3,66.7,10,10,10,10,10,10,30.5,13.3,66.7,10,10,10,0,0,0,0,0,0,0,0,0,0,0,0,0.567234752042042,0.567234752042042,0.567234752042042,1.22079665886576,1.22079665886576,1.22079665886576,observed,-11.2637834427093,observed,1114.56987060402,152,43567.2526682308,27770.7113379827,62429.8795346148
New York,2020-03-13,60.4,33.3,103.3,20,20,20,20,20,20,29.9,13.3,60,10,10,10,0,0,0,0,0,0,0,0,0,0,0,0,0.95704215011171,0.95704215011171,0.95704215011171,2.17783880897747,2.17783880897747,2.17783880897747,observed,-15.3381606277298,observed,1462.12521252422,152,50900.297774293,34111.2385257903,70731.7908598211
New York,2020-03-14,121.3,80,180,40,40,40,40,40,40,60.9,33.3,103.3,20,20,20,0,0,0,0,0,0,3,3,3,3,3,3,1.6147277729978,1.6147277729978,1.6147277729978,3.79256658197527,3.79256658197527,3.79256658197527,observed,-19.9581579085699,observed,1957.29624407917,218,58366.6492654954,41057.0226947528,78553.1438917698
New York,2020-03-15,181.5,126.7,243.4,60.5,60,63.3,60.1,60,61.7,60.1,35,105,20.5,20,23.3,0,0,0,0,0,0,5,5,5,8,8,8,2.69891222512104,2.69891222512104,2.69891222512104,6.49147880709631,6.49147880709631,6.49147880709631,observed,-24.9640393726878,observed,2659.34943421056,268,65732.1116071591,48126.3353503626,85813.8352213908
New York,2020-03-16,304.2,233.3,395,100.9,100,103.3,100.1,100,101.7,122.7,80,185,40.4,40,43.3,0,0,0,0,0,0,9,9,9,17,17,17,4.40849087175849,4.40849087175849,4.40849087175849,10.8999696788548,10.8999696788548,10.8999696788548,observed,-30.1518092978528,observed,3615.62190367758,369.000000000001,72758.8504850753,55148.0670493819,91943.2551067844
New York,2020-03-17,454.3,366.7,565.1,151.9,150,156.7,150.3,150,151.7,150.1,103.3,218.3,51,50,55,0,0,0,0,0,0,7,7,7,24,24,24,7.0373113863976,7.0373113863976,7.0373113863976,17.9372810652524,17.9372810652524,17.9372810652524,observed,-35.30027706346,observed,4832.02681593518,920.999999999999,79223.4994395934,62213.596854596,97386.3996513208
New York,2020-03-18,657,543.3,790,212.9,210,218.3,210.4,210,213.3,212.7,155,295,71,70,73.3,0,0,0,0,0,0,17,17,17,41,41,41,10.9797801650805,10.9797801650805,10.9797801650805,28.9170612303329,28.9170612303329,28.9170612303329,observed,-40.2093182904795,observed,6251.15847642425,1487,84934.3840602937,69029.4398809546,101910.997575804
New York,2020-03-19,928.8,791.6,1095,304.8,300,311.7,300.6,300,303.3,301.9,230,405,101.9,100,106.7,0,0,0,0,0,0,24,24,24,65,65,65,16.7457683489121,16.7457683489121,16.7457683489121,45.662829579245,45.662829579245,45.662829579245,observed,-44.7273911561785,observed,7760.94766114712,4003,89743.6347743077,75277.0333725367,104471.446398274
New York,2020-03-20,1282.6,1113.3,1465,417.1,411.7,425,410.9,410,413.3,393.3,303.3,493.4,132.3,130,136.7,0,0,0,0,0,0,32,32,32,97,97,97,24.9686824006807,24.9686824006807,24.9686824006807,70.6315119799257,70.6315119799257,70.6315119799257,observed,-48.7559338696069,observed,9234.5881159185,4887,93553.6879458003,80866.0142854604,106896.191947105
New York,2020-03-21,1738,1545,1945,570.5,563.3,580,561.4,560,565,515.3,418.3,628.4,173.4,170,178.3,0,0,0,0,0,0,40,40,40,137,137,137,36.4015470509693,36.4015470509693,36.4015470509693,107.033059030895,107.033059030895,107.033059030895,observed,-52.2422784419759,observed,10574.5492156983,5207,96318.8746690502,85370.5686627681,107859.292119672
New York,2020-03-22,2329.3,2100,2571.7,755.1,746.7,766.7,742.1,740,746.7,670.4,548.2,795,224.6,220,231.7,0,0,0,37.1,28.7,48.7,39,39,39,176,176,176,51.895804802768,51.895804802768,51.895804802768,158.928863833663,158.928863833663,158.928863833663,observed,-55.1684721956928,observed,11733.982228837,0,98042.9254800733,88575.3616778384,108265.605451344
New York,2020-03-23,3014.3,2753.3,3300,981.2,970,995,962.9,960,968.3,815.9,691.7,953.4,276.1,271.7,283.3,0,0,0,263.2,252,277,42,42,42,218,218,218,72.358128464718,72.358128464718,72.358128464718,231.286992298381,231.286992298381,231.286992298381,observed,-57.5391417260592,observed,12712.7507395921,5697,98772.2951236931,89832.4631995853,108332.732387735
New York,2020-03-24,3876.9,3584.9,4182,1259.2,1246.7,1273.3,1234,1230,1240,1030.4,880,1193.3,348,341.7,356.7,0,0,0,541.2,528.7,555.3,97,97,97,315,315,315,98.682350010018,98.682350010018,98.682350010018,329.969342308399,329.969342308399,329.969342308399,observed,-59.3839386471219,observed,13540.0829584607,4812,98587.6841470648,89977.086439302,108172.310876598
New York,2020-03-25,4855.8,4523.2,5205.1,1569.6,1555,1586.7,1535.4,1530,1541.7,1218.2,1070,1391.7,410.4,403.3,418.3,0,0,0,851.6,837,868.7,109,109,109,424,424,424,131.656791677702,131.656791677702,131.656791677702,461.626133986101,461.626133986101,461.626133986101,observed,-60.7643604010742,observed,14255.5193596518,7326.00000000002,97594.9749475902,88592.4081583699,107488.512142942
New York,2020-03-26,5953.1,5569.9,6355.1,1922.3,1903.3,1941.7,1877,1871.7,1885,1424.7,1240,1611.7,482.7,473.3,493.3,0,0,0,1204.3,1185.3,1223.7,126,126,126,550,550,550,171.853136395637,171.853136395637,171.853136395637,633.479270381738,633.479270381738,633.479270381738,observed,-61.7644168913351,observed,14894.406525316,6139.99999999999,95915.7523975765,86157.2669694581,106166.080471045
New York,2020-03-27,7165.9,6738.3,7597,2308.2,2286.7,2331.7,2249.2,2241.7,2258.3,1639.9,1451.7,1841.7,556,546.7,566.7,0,0,0,1590.2,1568.7,1613.7,185,185,185,735,735,735,219.509976408808,219.509976408808,219.509976408808,852.989246790546,852.989246790546,852.989246790546,observed,-62.4774030840814,observed,15480.8598978998,5625.99999999999,93676.658118056,83209.38453125,104323.192996264
New York,2020-03-28,8492.6,8021.6,8966.8,2726.7,2703.3,2755,2651.7,2643.3,2661.7,1883.9,1690,2103.4,638.9,628.3,651.7,0,0,0,2008.7,1985.3,2037,322,322,322,1057,1057,1057,274.429214323244,274.429214323244,274.429214323244,1127.41846111379,1127.41846111379,1127.41846111379,observed,-62.9914007368527,observed,16027.9403088108,8741.00000000001,91000.7115740111,80251.7866231463,101989.082497825
New York,2020-03-29,9851.4,9366.6,10370.3,3158.7,3133.3,3186.7,3064.6,3056.7,3075,2068.8,1856.7,2295,702.4,691.7,716.7,0,0,0,2440.7,2415.3,2468.7,246,246,246,1303,1303,1303,335.90315670334,335.90315670334,335.90315670334,1463.32161781713,1463.32161781713,1463.32161781713,observed,-63.3775317365706,observed,16542.2134501428,6310.00000000001,88000.8569072038,76994.4810879301,99302.2902751332
New York,2020-03-30,11252.9,10713.3,11768.9,3593.4,3563.3,3623.3,3477.8,3468.3,3490,2274.6,2058.3,2535,775.7,765,790,0,0,0,2875.4,2845.3,2905.3,357,357,357,1660,1660,1660,402.68087998344,402.68087998344,402.68087998344,1866.00249780057,1866.00249780057,1866.00249780057,observed,-63.6844417279776,observed,17028.7702549746,7721.99999999999,84774.9490377782,73687.6511696298,96475.7753841904
New York,2020-03-31,12608.2,12048.3,13213.4,4021.5,3988.3,4055,3881.6,3870,3893.3,2429.8,2198.3,2688.4,829.1,816.7,845,0,0,202.4,3303.5,3270.3,3337,470,470,470,2130,2130,2130,473.02525794348,473.02525794348,473.02525794348,2339.02775574405,2339.02775574405,2339.02775574405,observed,-63.9419255473221,observed,17494.0651175188,8647,81403.6314747544,70431.6910244062,93329.7812514752
New York,2020-04-01,13915,13319.9,14523.7,4431.9,4396.7,4466.7,4265.5,4253.3,4278.3,2576.5,2363.3,2860,882.3,866.7,898.4,904,308.9,1512.7,3713.9,3678.7,3748.7,566,566,566,2696,2696,2696,544.80729556759,544.80729556759,544.80729556759,2883.83505131164,2883.83505131164,2883.83505131164,observed,-64.1703291328585,observed,17946.1232147593,8190.99999999999,77951.9286022999,67126.7182647017,89915.518610873
New York,2020-04-02,15110.6,14506.4,15740.2,4805.1,4765,4845,4609.9,4596.7,4625,2668.3,2434.8,2933.5,915.5,900,931.7,2099.6,1495.4,2729.2,4087.1,4047,4127,485,485,485,3181,3181,3181,615.65089642109,615.65089642109,615.65089642109,3499.48594773273,3499.48594773273,3499.48594773273,observed,-64.386948912983,observed,18393.2214636088,8673.99999999997,74472.1800633501,63889.4607597812,86136.596254329
New York,2020-04-03,16170.6,15511.5,16773.5,5129.7,5088.3,5171.7,4904.5,4890,4920,2755.2,2498.3,3010.1,948.1,933.3,965,3159.6,2500.5,3762.5,4411.7,4370.3,4453.7,883,883,883,4064,4064,4064,683.15089206507,683.15089206507,683.15089206507,4182.6368397978,4182.6368397978,4182.6368397978,observed,-64.6064354942114,observed,18842.3224335934,10672,71006.0894741509,60841.8261967811,82518.7356340412
New York,2020-04-04,17044.2,16355,17702.1,5405.5,5358.3,5450,5149.2,5133.3,5165,2789.5,2538.2,3071.8,960.4,945,978.3,4033.2,3344,4691.1,4687.5,4640.3,4732,896,896,896,4960,4960,4960,745.07868860896,745.07868860896,745.07868860896,4927.71552840676,4927.71552840676,4927.71552840676,observed,-64.8413602655278,observed,19297.83243289,11032,67586.7080324101,57941.395918553,78749.929718938
New York,2020-04-05,17765.4,17103,18433.4,5620.5,5571.7,5666.7,5333.7,5318.3,5350,2829.6,2573.2,3108.4,971.1,956.7,988.3,4754.4,4092,5422.4,4902.5,4853.7,4948.7,678,678,678,5638,5638,5638,799.54907638987,799.54907638987,799.54907638987,5727.26460479663,5727.26460479663,5727.26460479663,observed,-65.0993588319281,observed,19760.5415442647,9533.99999999997,64239.8747619819,55029.5734880701,75050.8857505804
New York,2020-04-06,18294.4,17613.2,18952,5785.4,5735,5835,5468.2,5451.7,5485,2820.4,2568.3,3076.8,972.8,956.7,991.7,5283.4,4602.2,5941,5067.4,5017,5117,551,551,551,6189,6189,6189,845.12139231157,845.12139231157,845.12139231157,6572.3859971082,6572.3859971082,6572.3859971082,observed,-65.3741396033578,observed,20226.3457872315,8851.99999999996,60985.2225890216,51826.9823864412,71439.3141309391
New York,2020-04-07,18609.4,17953.2,19275.4,5878.2,5826.6,5928.3,5532.7,5515,5551.7,2760.2,2505,3040,953.3,936.7,971.7,5598.4,4942.2,6264.4,5160.2,5108.6,5210.3,1060,1060,1060,7249,7249,7249,880.88751311277,880.88751311277,880.88751311277,7453.27351022097,7453.27351022097,7453.27351022097,observed,-65.6450049393537,observed,20684.7522064065,8310.00000000006,57836.7092592861,49082.3783093472,67914.1821204061
New York,2020-04-08,18778.2,18114.9,19495.1,5929.3,5876.7,5981.7,5556.9,5538.3,5576.7,2739.5,2496.6,3003.3,943.8,926.7,961.7,5767.2,5103.9,6484.1,5211.3,5158.7,5263.7,1047,1047,1047,8296,8296,8296,906.46675043202,906.46675043202,906.46675043202,8359.74026065299,8359.74026065299,8359.74026065299,observed,-65.8849868677652,observed,21117.9460364231,11434.0000000001,54803.9442000222,46238.0705519296,64266.7994891761
New York,2020-04-09,18784,18083.1,19500,5928,5873.3,5985,5530.8,5511.7,5550,2669.1,2436.7,2926.7,924.6,906.7,945,5773,5072.1,6489,5210,5155.3,5267,1048,1048,1048,9344,9344,9344,921.9643385525,921.9643385525,921.9643385525,9281.70459920549,9281.70459920549,9281.70459920549,observed,-66.0685304584665,observed,21501.9402505883,10946.9999999999,51893.3692886416,43595.5372756454,60948.7682475104
New York,2020-04-10,18635.3,17989.7,19336.9,5882.1,5826.7,5941.7,5464,5443.3,5485,2581.6,2333.2,2830,893,876.7,910,5624.3,4978.7,6325.9,5164.1,5108.7,5223.7,880,880,880,10224,10224,10224,927.90487013311,927.90487013311,927.90487013311,10209.6094693386,10209.6094693386,10209.6094693386,observed,-66.1766093207032,observed,21811.0692901864,10788,49108.8205733834,41120.8639932402,57654.6718782304
New York,2020-04-11,18356.1,17698,19061.7,5792.7,5736.7,5855,5357,5336.7,5378.3,2487.4,2261.6,2765,863.1,846.7,880,5345.1,4687,6050.7,5074.7,5018.7,5137,985,985,985,11209,11209,11209,925.1409476604,925.1409476604,925.1409476604,11134.750416999,11134.750416999,11134.750416999,observed,-66.2004775797986,observed,22025.5823975393,8892.00000000009,46451.9958678492,38914.6401058063,54618.6119415311
New York,2020-04-12,17959.9,17266.6,18645.2,5668.8,5613.3,5733.3,5219.2,5198.3,5241.7,2402.3,2170,2651.7,831.8,816.7,850,4948.9,4255.6,5634.2,4950.8,4895.3,5015.3,959,959,959,12168,12168,12168,914.742491420899,914.742491420899,914.742491420899,12049.4929084199,12049.4929084199,12049.4929084199,observed,-66.1396941846077,observed,22139.8904245271,8206.00000000006,43923.0464937703,36769.9364379915,51699.414159252
New York,2020-04-13,17495.2,16846.4,18178.4,5529.6,5475,5595,5070.6,5050,5093.3,2307,2095,2558.4,799.8,783.3,818.3,4484.2,3835.4,5167.4,4811.6,4757,4877,886,886,886,13054,13054,13054,897.906420401901,897.906420401901,897.906420401901,12947.3993288218,12947.3993288218,12947.3993288218,observed,-65.9950887063058,observed,22168.0793637555,6927.99999999985,41520.9583794536,34732.0997873381,48821.9066586131
New York,2020-04-14,16982.4,16346.6,17661.9,5366.2,5311.7,5431.7,4901.5,4881.7,4923.4,2213.4,1998.3,2451.7,768.9,753.3,786.7,3971.4,3335.6,4650.9,4648.2,4593.7,4713.7,1008,1008,1008,14062,14062,14062,875.8955121006,875.8955121006,875.8955121006,13823.2948409224,13823.2948409224,13823.2948409224,observed,-65.7731756601545,observed,22144.2956014491,7495.00000000003,39243.7245438629,32832.8797070684,46185.1653505229
New York,2020-04-15,16374.8,15788.1,17053.5,5178.3,5121.7,5243.3,4711.6,4690,4735,2091.2,1886.6,2315,727.6,711.7,743.3,3363.8,2777.1,4042.5,4460.3,4403.7,4525.3,951,951,951,15013,15013,15013,849.960145831299,849.960145831299,849.960145831299,14673.2549867537,14673.2549867537,14673.2549867537,observed,-65.4907396072853,observed,22117.9246673397,11618.0000000001,37088.5319830181,31060.6074065118,43652.99034439
New York,2020-04-16,15759.3,15159.9,16422,4986.3,4928.3,5051.7,4521.4,4500,4545,2007.5,1785,2240,696.1,681.7,713.3,2748.3,2148.9,3411,4268.3,4210.3,4333.7,749,749,749,15762,15762,15762,821.190590698699,821.190590698699,821.190590698699,15494.4455774524,15494.4455774524,15494.4455774524,observed,-65.1691450434306,observed,22144.9741805471,9363.00000000006,35051.9967651723,29389.5212738007,41237.002416347
New York,2020-04-17,15132.7,14551.3,15778.3,4790.4,4731.7,4853.3,4330.8,4310,4353.3,1914.3,1694.9,2146.7,664.5,650,681.7,2121.7,1540.3,2767.3,4072.4,4013.7,4135.3,752,752,752,16514,16514,16514,790.4845254759,790.4845254759,790.4845254759,16284.9301029283,16284.9301029283,16284.9301029283,observed,-64.8306094402541,observed,22277.6101425915,7079.99999999985,33130.2734422276,27788.2205694094,39068.3243160512
New York,2020-04-18,14500.7,13934.9,15121.7,4592.2,4533.3,4655,4139.8,4120,4161.7,1818.9,1621.6,2025,632.9,620,648.3,1489.7,923.9,2110.7,3874.2,3815.3,3937,671,671,671,17185,17185,17185,758.564193503202,758.564193503202,758.564193503202,17043.4942964315,17043.4942964315,17043.4942964315,observed,-64.4957955752388,observed,22553.6482816524,6944.00000000009,31319.1534240646,26233.8952006907,36947.6674756561
New York,2020-04-19,13860.4,13269.7,14420,4390.6,4335,4451.7,3948.2,3926.7,3968.3,1729.9,1533.2,1958.5,601.3,586.7,618.3,849.4,258.7,1409,3672.6,3617,3733.7,629,629,629,17814,17814,17814,725.996635653497,725.996635653497,725.996635653497,17769.490932085,17769.490932085,17769.490932085,observed,-64.1788681115072,observed,22988.0205873366,6292.99999999988,29614.2034805966,24871.8942618865,34841.7465645155
New York,2020-04-20,13213.5,12681.5,13770.1,4187.4,4130,4248.3,3756.3,3736.7,3776.7,1632,1450,1830.1,570,556.7,586.7,202.5,0,759.1,3469.4,3412,3530.3,613,613,613,18427,18427,18427,693.243237735202,693.243237735202,693.243237735202,18462.7341698202,18462.7341698202,18462.7341698202,observed,-63.8814147590776,observed,23567.9901469129,5221.00000000009,28010.8652481382,23576.3269577366,32954.6828257898
New York,2020-04-21,12581,12028.3,13103.5,3992.2,3936.7,4051.7,3574.2,3555,3593.4,1546.9,1371.6,1741.8,538.6,525,553.4,0,0,92.5,3274.2,3218.7,3333.7,660,660,660,19087,19087,19087,660.677206394899,660.677206394899,660.677206394899,19123.4113762151,19123.4113762151,19123.4113762151,observed,-63.5921128990231,observed,24253.4263192346,5011.99999999994,26504.5282008503,22298.9295050521,31149.4451416496
New York,2020-04-22,11967.2,11485,12526.8,3794.5,3738.3,3853.4,3391.8,3371.7,3411.7,1455.6,1270,1655,506.9,495,521.7,0,0,0,3076.5,3020.3,3135.4,579,579,579,19666,19666,19666,628.6109433315,628.6109433315,628.6109433315,19752.0223195466,19752.0223195466,19752.0223195466,observed,-63.2960195914857,observed,24982.382975506,5063.99999999994,25090.6030804374,21151.7177296893,29471.9316799854
New York,2020-04-23,11373.4,10858.1,11910,3606.8,3553.3,3660,3219.3,3201.6,3238.4,1395.2,1233.3,1571.7,485.3,473.3,498.3,0,0,0,2888.8,2835.3,2942,658,658,658,20324,20324,20324,597.2755062951,597.2755062951,597.2755062951,20349.2978258417,20349.2978258417,20349.2978258417,observed,-62.9823862544742,observed,25681.5896282925,5150,23764.5672048835,20036.665370907,27856.7302458247
New York,2020-04-24,10783.4,10283.3,11280,3417.9,3363.3,3471.7,3046.7,3028.3,3066.7,1307.5,1145,1486.7,454.2,441.7,468.3,0,0,0,2699.9,2645.3,2753.7,583,583,583,20907,20907,20907,566.833218219501,566.833218219501,566.833218219501,20916.1310440612,20916.1310440612,20916.1310440612,observed,-62.6458462079692,observed,26280.5319245834,8266.00000000006,22521.9562806477,19057.4892853797,26226.2125793485
New York,2020-04-25,10223,9753.3,10730.1,3238.6,3186.7,3288.4,2884.2,2866.7,2903.4,1243.6,1075,1426.7,432.5,421.7,445,0,0,0,2520.6,2468.7,2570.4,520,520,520,21427,21427,21427,537.4074235552,537.4074235552,537.4074235552,21453.5384676164,21453.5384676164,21453.5384676164,observed,-62.2878794733913,observed,26726.6305398174,10683.0000000001,21358.3481509294,18092.9494376645,24820.5423569932
New York,2020-04-26,9688.5,9235,10153.4,3070.2,3020,3120,2731.8,2715,2750,1183.1,1021.7,1361.7,411.4,400,423.3,0,0,0,2352.2,2302,2402,454,454,454,21881,21881,21881,509.087488644702,509.087488644702,509.087488644702,21962.6259562611,21962.6259562611,21962.6259562611,observed,-61.9140740409423,observed,26997.0916737256,6011.99999999988,20269.3997222535,17188.9086937383,23511.540235605
New York,2020-04-27,9163.2,8717.9,9638.5,2901.8,2851.7,2951.7,2579.5,2563.3,2598.3,1094.4,941.7,1268.3,380.5,368.3,395,0,0,0,2183.8,2133.7,2233.7,507,507,507,22388,22388,22388,481.926982034398,481.926982034398,481.926982034398,22444.5529382955,22444.5529382955,22444.5529382955,observed,-61.5257462999273,observed,27102.8311039296,4077.00000000006,19250.8757818315,16344.4453592018,22256.04422138
New York,2020-04-28,8657.2,8213.3,9131.7,2743.3,2693.3,2793.3,2437.3,2421.7,2455,1029.8,881.6,1188.3,359.1,348.3,371.7,0,0,0,2025.3,1975.3,2075.3,471,471,471,22859,22859,22859,455.954830500701,455.954830500701,455.954830500701,22900.5077687962,22900.5077687962,22900.5077687962,observed,-61.125297576544,observed,27082.5617687284,3285,18298.676585296,15603.8161610845,21121.6357535437
New York,2020-04-29,8202,7799.9,8675,2595.7,2546.6,2643.3,2304.9,2288.3,2321.7,999.7,860,1143.4,348.5,336.7,361.7,0,0,0,1877.7,1828.6,1925.3,572,572,572,23431,23431,23431,431.185039563399,431.185039563399,431.185039563399,23331.6928083596,23331.6928083596,23331.6928083596,observed,-60.7225808256314,observed,26990.0043097643,4719.00000000006,17408.8742436575,14876.4283071638,20092.6410532873
New York,2020-04-30,7758.3,7353.2,8218.4,2458.1,2413.3,2501.7,2182.4,2166.7,2198.4,940,806.6,1086.7,326.9,316.7,338.3,0,0,0,1740.1,1695.3,1783.7,334,334,334,23765,23765,23765,407.619782891299,407.619782891299,407.619782891299,23739.3125912509,23739.3125912509,23739.3125912509,observed,-60.3351740012188,observed,26879.8291686309,4704.00000000006,16577.7307047261,14196.2372165284,19062.5850668976
New York,2020-05-01,7332.7,6926.7,7800,2321.3,2275,2363.4,2060.2,2045,2076.7,880.2,741.7,1035.1,306.1,296.7,318.3,0,0,0,1603.3,1557,1645.4,247,247,247,24012,24012,24012,385.247825644703,385.247825644703,385.247825644703,24124.5604168956,24124.5604168956,24124.5604168956,observed,-59.9878814047137,observed,26797.0766611907,3877.00000000006,15801.6882133513,13577.9659576934,18212.8705974793
New York,2020-05-02,6910.5,6526.6,7340.2,2185.5,2140,2228.3,1938.1,1923.3,1953.4,820,698.3,958.4,285.5,276.7,296.7,0,0,0,1467.5,1422,1510.3,159,159,159,24171,24171,24171,364.048506842297,364.048506842297,364.048506842297,24488.6089237379,24488.6089237379,24488.6089237379,observed,-59.7083463892877,observed,26771.7489599549,4557.99999999994,15077.317402904,12985.4638218432,17367.0206935815
New York,2020-05-03,6530.7,6150,6936.7,2069.8,2030,2115,1836.2,1821.7,1853.3,790.9,650,951.8,274.3,266.7,285,0,0,0,1351.8,1312,1397,517,517,517,24688,24688,24688,343.9944231519,343.9944231519,343.9944231519,24832.6033468898,24832.6033468898,24832.6033468898,observed,-59.5153763060591,observed,26818.3471334663,3698.99999999983,14401.2919165657,12391.5974535185,16601.6235068482
New York,2020-05-04,6200.4,5840,6603.6,1965,1925,2005,1744.3,1730,1760,761.7,638.3,896.7,263.8,255,275,0,0,0,1247,1207,1287,291,291,291,24979,24979,24979,325.052090188801,325.052090188801,325.052090188801,25157.6554370786,25157.6554370786,25157.6554370786,observed,-59.4049548882782,observed,26939.5004482979,2523.99999999988,13770.3970710616,11842.257997201,15874.7159206861
New York,2020-05-05,5858.7,5500,6241.7,1850.9,1813.3,1893.3,1642.5,1628.3,1658.3,694.8,568.3,833.3,242.8,235,251.7,0,0,0,1132.9,1095.3,1175.3,257,257,257,25236,25236,25236,307.1849492603,307.1849492603,307.1849492603,25464.8403863389,25464.8403863389,25464.8403863389,observed,-59.3498036782807,observed,27132.5505300092,2300.00000000035,13181.5175542471,11356.5043375089,15184.4392482184
New York,2020-05-06,5528,5179.7,5901.7,1748,1711.7,1790,1550.8,1538.3,1566.7,664.9,543.3,800.1,232.3,223.3,241.7,0,0,0,1030,993.7,1072,673,673,673,25909,25909,25909,290.353913998799,290.353913998799,290.353913998799,25755.1943003377,25755.1943003377,25755.1943003377,observed,-59.3110910517115,observed,27396.7778738611,2760.99999999988,12631.6177678022,10937.2069105844,14563.5646992669
New York,2020-05-07,5231,4881.6,5603.4,1655.4,1620,1695,1469.1,1456.7,1485,638.8,520,763.3,221.6,213.3,231.7,0,0,0,937.4,902,977,221,221,221,26130,26130,26130,274.5166671845,274.5166671845,274.5166671845,26029.7109675222,26029.7109675222,26029.7109675222,observed,-59.2484482559377,observed,27738.0021086457,3508.99999999977,12117.7626941385,10517.6558226449,13952.4192869883
New York,2020-05-08,4964.2,4620,5310.1,1573.7,1538.3,1611.7,1397.4,1385,1413.3,608.2,496.7,731.7,210.8,203.3,220,0,0,0,855.7,820.3,893.7,235,235,235,26365,26365,26365,259.628747722301,259.628747722301,259.628747722301,26289.3397152445,26289.3397152445,26289.3397152445,observed,-59.1288057950374,observed,28168.0281796578,2875.00000000006,11637.0669750829,10106.1860309561,13383.9035219582
New York,2020-05-09,4719.1,4375,5071.7,1492.7,1456.7,1528.3,1326,1313.3,1340,578.9,466.6,713.3,200.4,193.3,210,0,0,0,774.7,738.7,810.3,229,229,229,26594,26594,26594,245.6459890121,245.6459890121,245.6459890121,26534.9857042566,26534.9857042566,26534.9857042566,observed,-58.9300236583257,observed,28699.248492062,2715.00000000012,11186.6732962841,9757.86115631465,12861.6674613331
New York,2020-05-10,4471.8,4146.6,4803.4,1412,1376.7,1448.4,1254.6,1241.7,1268.3,546.6,441.6,673.3,189.9,183.3,200,0,0,0,694,658.7,730.4,173,173,173,26767,26767,26767,232.525513621698,232.525513621698,232.525513621698,26767.5112178783,26767.5112178783,26767.5112178783,observed,-58.6404688274293,observed,29337.8053438692,2138.00000000006,10763.7362945786,9408.6717341478,12344.720763622
New York,2020-05-11,4232,3928.3,4555,1342.4,1306.7,1378.3,1193.2,1181.7,1206.7,514.4,413.3,635,179.5,173.3,188.3,0,0,0,624.4,588.7,660.3,210,210,210,26977,26977,26977,220.225018495203,220.225018495203,220.225018495203,26987.7362363735,26987.7362363735,26987.7362363735,observed,-58.2515928990386,observed,30079.6793285599,1610.00000000006,10365.4673615089,9063.99869376092,11847.4271899734
New York,2020-05-12,4024.2,3729.8,4340,1273.2,1240,1306.7,1131.9,1120,1145,488.8,391.7,600,169.2,161.7,178.3,0,0,0,555.2,522,588.7,292,292,292,27269,27269,27269,208.7026779345,208.7026779345,208.7026779345,27196.438914308,27196.438914308,27196.438914308,observed,-57.7578331719512,observed,30912.186860028,1437.99999999994,9989.14993061045,8767.5458478567,11388.8152912016
New York,2020-05-13,3815.8,3513.2,4130.1,1204.8,1171.7,1240,1070.9,1060,1083.3,457.5,363.3,568.4,158.6,151.7,166.7,0,0,0,486.8,453.7,522,195,195,195,27464,27464,27464,197.917278249199,197.917278249199,197.917278249199,27394.3561925572,27394.3561925572,27394.3561925572,observed,-57.1675202452613,observed,31819.8118287652,2122.99999999983,9632.19850582428,8469.78074266128,10960.4541185962
New York,2020-05-14,3630.7,3341.7,3941.7,1146.7,1115,1180,1019.9,1008.3,1031.7,454.3,360,566.7,158,151.7,166.7,0,0,0,428.7,397,462,165,165,165,27629,27629,27629,187.827654089702,187.827654089702,187.827654089702,27582.1838466469,27582.1838466469,27582.1838466469,observed,-56.5038570750991,observed,32790.5887922511,2364.00000000012,9292.17966435673,8170.00714547366,10532.3803645163
New York,2020-05-15,3450.5,3166.5,3740,1088.8,1056.7,1121.7,968.8,958.3,980,427.7,340,533.3,147.6,141.7,155,0,0,0,370.8,338.7,403.7,237,237,237,27866,27866,27866,178.393290016698,178.393290016698,178.393290016698,27760.5771366636,27760.5771366636,27760.5771366636,observed,-55.8004959126023,observed,33819.1406055825,2759.00000000012,8966.82800020716,7871.31900218831,10169.4882814602
New York,2020-05-16,3266.6,2976.6,3556.7,1031.5,1000,1065,917.8,908.3,930,394.2,303.3,493.3,137,131.7,145,0,0,0,313.5,282,347,172,172,172,28038,28038,28038,169.575467203402,169.575467203402,169.575467203402,27930.152603867,27930.152603867,27930.152603867,observed,-55.0982674452628,observed,34905.1344883373,2184.99999999977,8654.01910881918,7559.48082742101,9775.59251630845
New York,2020-05-17,3116,2829.9,3396.7,984.6,955,1016.7,876.8,866.7,888.3,394.3,306.7,495,136.9,131.7,145,0,0,0,266.6,237,298.7,186,186,186,28224,28224,28224,161.337297611899,161.337297611899,161.337297611899,28091.4899014789,28091.4899014789,28091.4899014789,observed,-54.4381052917785,observed,36049.2048409811,1901,8351.78834624124,7279.15355852066,9450.7528056553
New York,2020-05-18,2968.2,2705,3230,938.5,910,970,835.9,826.7,846.7,364.8,283.3,468.3,126.8,121.7,135,0,0,0,220.5,192,252,107,107,107,28331,28331,28331,153.643855097598,153.643855097598,153.643855097598,28245.1337565765,28245.1337565765,28245.1337565765,observed,-53.8492411023351,observed,37249.9172780585,1241.00000000006,8058.33878299833,7012.3394449906,9104.85184798873
New York,2020-05-19,2845.8,2601.6,3096.8,902.5,875,931.7,805.2,796.7,815,364.3,281.7,468.4,126.3,120,133.3,0,0,0,184.5,157,213.7,218,218,218,28549,28549,28549,146.461938307402,146.461938307402,146.461938307402,28391.5956948839,28391.5956948839,28391.5956948839,observed,-53.3453895898137,observed,38504.0899153792,1479.00000000023,7772.04155221327,6748.87885212409,8827.17469024412
New York,2020-05-20,2714.5,2485,2958.5,856.9,830,886.7,764.3,755,775,333.5,256.7,435,116.1,111.7,123.3,0,0,0,138.9,112,168.7,78,78,78,28627,28627,28627,139.760008577799,139.760008577799,139.760008577799,28531.3557034617,28531.3557034617,28531.3557034617,observed,-52.9283296616722,observed,39809.9295118201,1477.99999999977,7491.43846538082,6484.37903778629,8540.24376966571
New York,2020-05-21,2595.3,2366.6,2836.7,821.9,795,851.7,733.6,725,743.3,331.9,253.3,426.7,115.8,110,123.3,0,0,0,103.9,77,133.7,109,109,109,28736,28736,28736,133.507754573198,133.507754573198,133.507754573198,28664.8634580349,28664.8634580349,28664.8634580349,observed,-52.5885884313052,observed,41170.1260785102,2078.00000000006,7215.25716368628,6227.08245752946,8270.86078034805
New York,2020-05-22,2474.2,2233.3,2718.3,787.3,760,815,703,695,711.7,302.7,230,395,105.7,100,113.3,0,0,0,69.3,42,97,107,107,107,28843,28843,28843,127.674478234399,127.674478234399,127.674478234399,28792.5379362693,28792.5379362693,28792.5379362693,observed,-52.3086596825115,observed,42591.9346858382,1678.00000000006,6942.42110354258,5969.16279858185,7976.3274441696
New York,2020-05-23,2379.3,2143.2,2636.8,752.5,725,781.7,672.4,665,681.7,305.4,228.3,398.4,105.1,100,111.7,0,0,0,34.5,7,63.7,179,179,179,29022,29022,29022,122.230261852801,122.230261852801,122.230261852801,28914.7681981221,28914.7681981221,28914.7681981221,observed,-52.065749889076,observed,44083.2978663283,1753.99999999994,6672.04215068769,5728.50878474318,7694.51040238264
New York,2020-05-24,2292.9,2061.6,2548.3,728,703.3,755,651.8,645,661.7,303.4,223.3,395,105,100,111.7,0,0,0,10,0,37,110,110,110,29132,29132,29132,117.147227869602,117.147227869602,117.147227869602,29031.9154259917,29031.9154259917,29031.9154259917,observed,-51.8331434378019,observed,45646.6426768508,1600.99999999994,6403.41365197746,5507.56142488869,7396.43797533369
New York,2020-05-25,2194.9,1973.3,2455.1,693.5,670,718.3,621.2,613.3,630,271.8,201.7,351.7,94.7,90,101.7,0,0,0,0,0,0.3,89,89,89,29221,29221,29221,112.3986665552,112.3986665552,112.3986665552,29144.3140925469,29144.3140925469,29144.3140925469,observed,-51.5739193538979,observed,47273.2126969651,1278.99999999994,6136.01746321564,5289.53377590473,7107.03398595458
New York,2020-05-26,2107.3,1899.9,2371.7,669.9,646.7,695,600.7,593.3,610,271.4,198.3,358.4,94.9,90,101.7,0,0,0,0,0,0,74,74,74,29295,29295,29295,107.9582868773,107.9582868773,107.9582868773,29252.2723794242,29252.2723794242,29252.2723794242,observed,-51.2457209190125,observed,48940.2823074523,1044.00000000017,5871.0225992241,5060.97027041282,6773.7404205965
New York,2020-05-27,2043.4,1830,2276.8,646.8,625,670,580.2,573.3,588.3,274.3,205,375,94.9,90,101.7,0,0,0,0,0,0,184,184,184,29479,29479,29479,103.8000527084,103.8000527084,103.8000527084,29356.0724321326,29356.0724321326,29356.0724321326,observed,-50.8257289530329,observed,50612.1866312515,1131.99999999994,5610.45322573533,4850.76007858637,6474.93368287479
New York,2020-05-28,1959.8,1749.9,2186.7,623.4,603.3,646.7,559.7,553.3,568.3,242.8,178.3,321.7,84.3,80,90,0,0,0,0,0,0,44,44,44,29523,29523,29523,99.8964650544985,99.8964650544985,99.8964650544985,29455.9688971871,29455.9688971871,29455.9688971871,observed,-50.3141331891844,observed,52245.1651881118,1758.00000000006,5356.3008314982,4627.90425227004,6166.53986861557
New York,2020-05-29,1894.5,1699.8,2108.5,600.7,580,623.3,539.3,533.3,548.3,241.9,176.7,321.7,84.2,80,90,0,0,0,0,0,0,122,122,122,29645,29645,29645,96.2209431701012,96.2209431701012,96.2209431701012,29552.1898403572,29552.1898403572,29552.1898403572,observed,-49.7286240850083,observed,53795.3274437246,1548.99999999988,5110.61668722752,4426.60531772888,5869.23564592187
New York,2020-05-30,1828.1,1620,2050,578.2,556.7,600,519,513.3,526.7,242.5,176.7,325,84.5,80,91.7,0,0,0,0,0,0,61,61,61,29706,29706,29706,92.747856656697,92.747856656697,92.747856656697,29644.9376970139,29644.9376970139,29644.9376970139,observed,-49.0965947651231,observed,55228.0337134597,1363,4875.32446336294,4218.3367241981,5560.48929467804
New York,2020-05-31,1743.4,1540,1948.3,555.2,535,578.3,498.6,491.7,506.7,211.8,148.3,290,73.7,70,80,0,0,0,0,0,0,77,77,77,29783,29783,29783,89.4537105072013,89.4537105072013,89.4537105072013,29734.3914075211,29734.3914075211,29734.3914075211,observed,-48.4390736627459,observed,56525.2541597274,1104.00000000006,4672.90812422337,4110.40937248445,5302.16327572754
New York,2020-06-01,1680.2,1478.3,1895,532.7,513.3,553.4,478.2,471.7,486.7,211.9,153.3,285,73.7,70,80,0,0,0,0,0,0,136,136,136,29919,29919,29919,86.315754911102,86.315754911102,86.315754911102,29820.7071624322,29820.7071624322,29820.7071624322,observed,-47.7572187887497,observed,57687.0218942966,945.000000000116,4478.61243619412,3906.20438506594,5050.71544537588
New York,2020-06-02,1618.2,1428.2,1831.7,510.4,490,533.3,457.9,451.7,466.7,212.1,151.7,291.7,73.8,70,80,0,0,0,0,0,0,52,52,52,29971,29971,29971,83.3122887755999,83.3122887755999,83.3122887755999,29904.0194512078,29904.0194512078,29904.0194512078,observed,-47.0371633335342,observed,58725.3651241623,1360.99999999977,4294.31270163163,3718.52549857739,4846.26626484891
New York,2020-06-03,1564.4,1383.3,1775,497.9,478.3,520,447.6,441.7,455,213,151.7,296.7,73.3,70,78.3,0,0,0,0,0,0,51,51,51,30022,30022,30022,80.4236123636983,80.4236123636983,80.4236123636983,29984.4430635715,29984.4430635715,29984.4430635715,observed,-46.2687163401351,observed,59653.6893930627,1043.00000000006,4123.10859328795,3532.24920715289,4657.42528284839
New York,2020-06-04,1503.2,1325,1701.7,475.6,456.7,496.7,427.4,421.7,435,184.6,128.3,255,63.3,60,68.3,0,0,0,0,0,0,157,157,157,30179,30179,30179,77.6319350886006,77.6319350886006,77.6319350886006,30062.0749986601,30062.0749986601,30062.0749986601,observed,-45.4582380252907,observed,60477.8166205499,1053.00000000012,3962.0422222277,3363.95452472405,4539.49324497152
New York,2020-06-05,1442.4,1250,1635.1,453.8,435,475,407.1,401.7,415,183.6,128.3,253.3,63.3,60,68.4,0,0,0,0,0,0,61,61,61,30240,30240,30240,74.9203410392001,74.9203410392001,74.9203410392001,30136.9953396993,30136.9953396993,30136.9953396993,observed,-44.6324496383991,observed,61194.0551930565,1041.99999999994,3790.55954783881,3199.62055719257,4338.19077458144
New York,2020-06-06,1390.3,1211.6,1583.4,442.1,423.3,463.3,396.9,391.7,405,182.7,126.6,256.7,63.3,60,68.3,0,0,0,0,0,0,44,44,44,30284,30284,30284,72.2732036060006,72.2732036060006,72.2732036060006,30209.2685433053,30209.2685433053,30209.2685433053,observed,-43.8346557507622,observed,61794.9159380777,1083,3629.00611444451,3059.20338714742,4182.09906599331
New York,2020-06-07,1357.9,1181.7,1536.8,430.3,411.7,451.7,386.6,381.7,393.3,181.9,126.7,256.7,62.9,60,68.3,0,0,0,0,0,0,95,95,95,30379,30379,30379,69.6768693485974,69.6768693485974,69.6768693485974,30278.9454126539,30278.9454126539,30278.9454126539,observed,-43.1126314454218,observed,62277.9725922128,776.999999999942,3477.52246686279,2909.59590521129,4028.85533888093
New York,2020-06-08,1295.9,1131.6,1488.4,408.2,390,428.3,366.3,360,373.3,152.3,101.7,221.7,52.8,50,58.3,0,0,0,0,0,0,44,44,44,30423,30423,30423,67.1195813273007,67.1195813273007,67.1195813273007,30346.0649939812,30346.0649939812,30346.0649939812,observed,-42.493490185082,observed,62651.6286454951,712.000000000058,3333.30585426063,2764.31177987205,3890.9736755718
New York,2020-06-09,1233.6,1073.3,1423.4,386.2,368.3,405,346.1,340,353.3,151.5,103.3,221.7,52.9,50,58.3,0,0,0,0,0,0,41,41,41,30464,30464,30464,64.5913912108008,64.5913912108008,64.5913912108008,30410.656385192,30410.656385192,30410.656385192,observed,-41.9751778852398,observed,62934.2960721442,690.000000000058,3195.05254247502,2642.58445760026,3741.93097591884
New York,2020-06-10,1180.3,1016.6,1370,374.7,356.7,393.3,335.9,330,343.3,151.5,101.7,220,52.9,50,58.3,0,0,0,0,0,0,83,83,83,30547,30547,30547,62.0840891845983,62.0840891845983,62.0840891845983,30472.7404743766,30472.7404743766,30472.7404743766,observed,-41.5392038215485,observed,63148.3859500186,664.000000000058,3065.22458755032,2518.64240048244,3610.23520205803
New York,2020-06-11,1144.4,985,1333.3,362.9,346.6,381.7,325.7,320,331.7,150.6,103.3,215,52.4,50,58.3,0,0,0,0,0,0,38,38,38,30585,30585,30585,59.5911462445001,59.5911462445001,59.5911462445001,30532.3316206211,30532.3316206211,30532.3316206211,observed,-41.1629430760889,observed,63313.6234230465,723.999999999884,2942.68348471442,2394.38903489113,3490.11458940506
New York,2020-06-12,1112.1,953.3,1301.7,350.7,333.3,368.3,315.4,310,321.7,153.3,105,221.7,52.3,50,56.7,0,0,0,0,0,0,180,180,180,30765,30765,30765,57.1076635576028,57.1076635576028,57.1076635576028,30589.4392841787,30589.4392841787,30589.4392841787,observed,-40.8267178340676,observed,63443.6958499413,820.999999999942,2822.48638704321,2273.31695278883,3368.39723598217
New York,2020-06-13,1047.3,893.3,1221.7,329.3,313.3,346.7,295.2,290,301.7,119.9,78.3,181.7,42.3,40,46.7,0,0,0,0,0,0,37,37,37,30802,30802,30802,54.630323668498,54.630323668498,54.630323668498,30644.0696078472,30644.0696078472,30644.0696078472,observed,-40.5186465152114,observed,63547.095543694,912.000000000116,2705.38720168639,2159.40795462369,3240.92018021722
New York,2020-06-14,995.2,840,1155,317.8,303.3,335,285,280,291.7,121.3,81.7,180,42.3,40,46.7,0,0,0,0,0,0,31,31,31,30833,30833,30833,52.1579009039015,52.1579009039015,52.1579009039015,30696.2275087511,30696.2275087511,30696.2275087511,projected,-40.5186465152114,observed,63630.1069868899,693.999999999942,2589.20176604512,2056.37279399582,3135.28866983457
New York,2020-06-15,963.8,823.3,1128.4,306.4,291.7,323.3,274.9,270,280,122.7,78.3,181.7,42.5,40,48.3,0,0,0,0,0,0,33,33,33,30866,30866,30866,49.7552126070004,49.7552126070004,49.7552126070004,30745.9827213581,30745.9827213581,30745.9827213581,projected,-40.5186465152114,observed,63699.0727479236,623.000000000058,2474.21871586407,1951.17278888277,3001.6532329259
New York,2020-06-16,932.3,791.6,1098.3,294.9,280,310,264.5,260,270,122.3,78.3,181.7,41.7,40,46.7,0,0,0,0,0,0,51,51,51,30917,30917,30917,47.4632132750994,47.4632132750994,47.4632132750994,30793.4459346332,30793.4459346332,30793.4459346332,projected,-40.5186465152114,observed,63760.5218998636,629.999999999942,2364.79842744646,1854.79854848213,2886.71665260997
New York,2020-06-17,897.3,755,1061.7,281.9,263.3,300,252.8,241.7,260,117.9,68.3,180,40.4,30,46.7,0,0,0,0,0,0,31,31,31,30948,30948,30948,45.2768014266985,45.2768014266985,45.2768014266985,30838.7227360599,30838.7227360599,30838.7227360599,projected,-40.5186465152114,projected,64350.8971026401,561.000000000058,2257.35379075149,1761.63855472035,2778.75583547787
New York,2020-06-18,855.5,713.3,1028.3,266.1,243.3,286.7,238.3,221.7,248.3,110.3,61.6,176.7,37.5,30,45,0,0,0,0,0,0,36,36,36,30984,30984,30984,43.1911108902023,43.1911108902023,43.1911108902023,30881.9138469501,30881.9138469501,30881.9138469501,projected,-40.5186465152114,projected,64941.2723054168,626,2151.84366203712,1668.27867687843,2666.16590420799
New York,2020-06-19,808.6,666.5,970,257,231.7,281.7,230.4,210,246.7,97.9,56.7,163.3,34.3,30,43.3,0,0,0,0,0,0,42,42,42,31026,31026,31026,41.2014999359999,41.2014999359999,41.2014999359999,30923.1153468861,30923.1153468861,30923.1153468861,projected,-40.5186465152114,projected,65531.6475081933,793.999999999942,2049.33024971661,1574.0817121665,2559.09252384989
New York,2020-06-20,779.7,636.6,945,246.8,220,276.7,221.1,200,245,92.4,55,151.7,32.6,30,41.7,0,0,0,0,0,0,40.3257266984334,37.1445991302498,43.7726348646427,30963.4410735845,30960.2599460164,30966.8879817507,40.3257266984334,37.1445991302498,43.7726348646427,30963.4410735845,30960.2599460164,30966.8879817507,projected,-40.5186465152114,projected,66122.0227109698,,1949.48594065227,1482.50484851105,2452.84407172953
New York,2020-06-21,748.6,603.3,913.4,235.8,210,266.7,211.1,190,236.7,91.7,56.6,148.3,31.9,30,36.7,0,0,0,0,0,0,38.5218361434122,35.342027317172,42.0038692468988,31001.9629097279,30995.6239847329,31008.896596886,38.5218361434122,35.342027317172,42.0038692468988,31001.9629097279,30995.6239847329,31008.896596886,projected,-40.5186465152114,projected,66712.3979137463,,1853.71368411398,1397.54108094131,2349.50893881749
New York,2020-06-22,716.5,575,876.7,224.7,198.3,255,201.1,181.7,226.7,91.8,55,148.3,31.6,30,36.7,0,0,0,0,0,0,36.8239375417725,33.5590687728542,40.3001829729001,31038.7868472697,31029.2180109972,31049.1967798589,36.8239375417725,33.5590687728542,40.3001829729001,31038.7868472697,31029.2180109972,31049.1967798589,projected,-40.5186465152114,projected,67302.7731165228,,1761.79337341538,1313.82517277445,2248.99079321446
New York,2020-06-23,685.4,554.9,840,214.6,193.3,245,192.1,178.3,216.7,91.2,56.6,145,31.3,23.3,35,0,0,0,0,0,0,35.2279193086169,31.8773380513899,38.7388184591406,31074.0147665783,31061.1022885338,31087.8604372598,35.2279193086169,31.8773380513899,38.7388184591406,31074.0147665783,31061.1022885338,31087.8604372598,projected,-40.5186465152114,projected,67893.1483192993,,1673.57478143887,1229.9138967298,2151.77913831668
New York,2020-06-24,656.5,528.2,808.3,207,185,231.7,185.3,168.3,206.7,87.2,45,140,30.4,20,35,0,0,0,0,0,0,33.7293872365893,30.2830015134697,37.4329941758988,31107.7441538149,31091.5437207473,31125.3141880882,33.7293872365893,30.2830015134697,37.4329941758988,31107.7441538149,31091.5437207473,31125.3141880882,projected,-40.5186465152114,projected,68483.5235220757,,1590.195998951,1165.18781749536,2060.04038317613
New York,2020-06-25,630.2,498.3,778.3,201,175,223.3,180.1,158.3,196.7,81.7,38.3,138.3,28.7,20,35,0,0,0,0,0,0,32.318711023642,28.8557523924752,36.0582128878996,31140.0628648386,31120.5422341547,31161.3724009761,32.318711023642,28.8557523924752,36.0582128878996,31140.0628648386,31120.5422341547,31161.3724009761,projected,-40.5186465152114,projected,69073.8987248522,,1511.56401462732,1099.21352116209,1969.78309944621
New York,2020-06-26,608.5,475,758.4,194.6,163.3,218.3,174.4,148.3,188.3,75.9,36.7,135,26.6,20,35,0,0,0,0,0,0,30.994190913143,27.4575876555272,34.7425576716996,31171.0570557517,31148.4587149342,31195.7880004584,30.994190913143,27.4575876555272,34.7425576716996,31171.0570557517,31148.4587149342,31195.7880004584,projected,-40.5186465152114,projected,69664.2739276287,,1435.31739622311,1038.58110783901,1880.82969973609
New York,2020-06-27,584.9,445,735,186.4,151.7,213.3,167.1,138.3,186.7,69.6,35,130,24.3,20,33.3,0,0,0,0,0,0,29.7478932326931,26.2126180870698,33.4622989269948,31200.8049489844,31174.9519139602,31229.1696521536,29.7478932326931,26.2126180870698,33.4622989269948,31200.8049489844,31174.9519139602,31229.1696521536,projected,-40.5186465152114,projected,70254.6491304054,,1361.40627784826,983.053373515746,1792.61508263228
New York,2020-06-28,556.9,410,716.7,176.8,141.7,210,158.5,126.6,185,64.5,35,121.7,22.8,20,33.3,0,0,0,0,0,0,28.5280969863983,24.9001379880317,32.2975350580018,31229.3330459708,31199.7663495197,31261.2717566581,28.5280969863983,24.9001379880317,32.2975350580018,31229.3330459708,31199.7663495197,31261.2717566581,projected,-40.5186465152114,projected,70845.0243331819,,1290.79998960983,926.718692292692,1707.71214022441
New York,2020-06-29,526.4,383.3,695.1,166.9,133.3,205,149.3,121.6,183.3,61.8,35,110,21.7,20,31.7,0,0,0,0,0,0,27.3560074210306,23.7188165127792,31.1125938466976,31256.6890533918,31223.7023040942,31292.5781343831,27.3560074210306,23.7188165127792,31.1125938466976,31256.6890533918,31223.7023040942,31292.5781343831,projected,-40.316081932786,projected,71435.3995359584,,1224.88473874153,870.952336439304,1627.5202834751
New York,2020-06-30,498,360,673.3,157.4,130,198.3,140.5,120,176.7,62.9,33.3,108.3,21.3,20,26.7,0,0,0,0,0,0,26.2234404374094,22.5251078217402,29.9486968002657,31282.9124938292,31246.5534878503,31322.8284676757,26.2234404374094,22.5251078217402,29.9486968002657,31282.9124938292,31246.5534878503,31322.8284676757,projected,-40.1074346874132,projected,72025.7747387349,,1163.46920894209,823.361717817467,1563.0482715826
New York,2020-07-01,472.8,350,640.1,149.3,130,186.7,133.2,120,166.7,61.3,35,106.7,21.1,20,25,0,0,0,0,0,0,25.1197057761951,21.3904580076843,28.8848812093312,31308.0321996054,31268.2397806825,31351.7438969434,25.1197057761951,21.3904580076843,28.8848812093312,31308.0321996054,31268.2397806825,31351.7438969434,projected,-39.8929770952129,projected,72616.1499415114,,1105.7856029557,776.211168634519,1494.31525854184
New York,2020-07-02,453.1,343.3,610.1,143.1,126.7,176.7,127.8,120,156.7,61.2,33.3,106.7,20.8,20,23.3,0,0,0,0,0,0,24.0429435812665,20.2898589037091,27.8524844910736,31332.0751431867,31288.2012686789,31379.4059332107,24.0429435812665,20.2898589037091,27.8524844910736,31332.0751431867,31288.2012686789,31379.4059332107,projected,-39.6729984808087,projected,73206.5251442879,,1051.80024651163,733.204976507789,1428.59614092982
New York,2020-07-03,436.8,331.7,571.7,138.7,123.3,166.7,124.2,110,146.7,58.1,26.7,103.4,20.5,10,25,0,0,0,0,0,0,22.991258318131,19.2417924236842,26.8233405500435,31355.0664015048,31307.2303837149,31405.9662151269,22.991258318131,19.2417924236842,26.8233405500435,31355.0664015048,31307.2303837149,31405.9662151269,projected,-39.4477544625823,projected,73796.9003470644,,1000.01932176234,691.797230891651,1362.35257364754
New York,2020-07-04,425.9,321.7,553.4,135.2,111.7,155,121.4,100,135,58.1,21.7,108.3,19.9,10,23.3,0,0,0,0,0,0,21.961615697989,18.2771364140542,25.7656331197576,31377.0280172028,31326.3758417279,31431.4339636343,21.961615697989,18.2771364140542,25.7656331197576,31377.0280172028,31326.3758417279,31431.4339636343,projected,-39.2174915681727,projected,74387.2755498409,,950.329718699217,652.273713534372,1306.10260776551
New York,2020-07-05,416.3,306.6,540,131.8,101.7,148.3,118.5,90,128.3,54.8,18.3,105,18.7,10,23.3,0,0,0,0,0,0,20.9567096408358,17.3211798307354,24.7936122583827,31397.9847268437,31343.8657915232,31455.8324830617,20.9567096408358,17.3211798307354,24.7936122583827,31397.9847268437,31343.8657915232,31455.8324830617,projected,-38.982397317344,projected,74977.6507526174,,903.249086589124,611.697303722938,1244.27564044935
New York,2020-07-06,403.9,285,533.4,127.2,91.7,146.7,114.4,80,126.7,50,16.7,103.3,17.1,10,23.3,0,0,0,0,0,0,19.9793093633952,16.4185464356478,23.7496913896011,31417.9640362071,31360.7641298318,31479.181204396,19.9793093633952,16.4185464356478,23.7496913896011,31417.9640362071,31360.7641298318,31479.181204396,projected,-38.742658439687,projected,75568.0259553939,,858.633727261478,577.917432495067,1187.64228647081
New York,2020-07-07,383.9,243.3,511.7,120.9,81.6,145,108.6,70,126.7,43.7,15,93.3,15.3,10,23.3,0,0,0,0,0,0,19.0280468832982,15.5382097304195,22.7592949100997,31436.9920830904,31376.8092008893,31501.4991617364,19.0280468832982,15.5382097304195,22.7592949100997,31436.9920830904,31376.8092008893,31501.4991617364,projected,-38.4984813141361,projected,76158.4011581706,,816.348743375279,546.060485937772,1133.87989272028
New York,2020-07-08,360.2,215,501.7,113,70,141.7,101.3,61.7,125,38.2,15,88.4,13.5,10,23.3,0,0,0,0,0,0,18.106610743573,14.706077487516,21.7964924778577,31455.0986938339,31391.700730568,31522.3838145264,18.106610743573,14.706077487516,21.7964924778577,31455.0986938339,31391.700730568,31522.3838145264,projected,-38.2500919588285,projected,76748.7763609471,,776.753967939818,517.094391427375,1084.35078204568
New York,2020-07-09,334.4,198.3,493.3,104.4,66.7,138.4,93.3,60,123.3,35.5,15,81.7,12.3,10,21.7,0,0,0,0,0,0,17.2181606640733,13.9110584541244,20.8925418447247,31472.316854498,31405.6401486538,31543.2858512626,17.2181606640733,13.9110584541244,20.8925418447247,31472.316854498,31405.6401486538,31543.2858512626,projected,-37.9977025756912,projected,77339.1515637236,,739.766330140347,489.081024313578,1037.14876936963
New York,2020-07-10,308.3,186.7,468.4,95.7,65,136.7,85.1,60,123.3,32.1,13.3,75,11.5,10,21.7,0,0,0,0,0,0,16.3662211281217,13.1397932869926,20.0256696312637,31488.6830756261,31417.9791890541,31562.8083427638,16.3662211281217,13.1397932869926,20.0256696312637,31488.6830756261,31417.9791890541,31562.8083427638,projected,-37.7414072896678,projected,77929.5267665001,,704.446932555532,461.630994215468,999.267937888577
New York,2020-07-11,281.6,173.3,438.4,87.6,63.3,131.7,77.6,60,120,30.8,13.3,70,10.9,10,20,0,0,0,0,0,0,15.55452546024,12.3878132338225,19.121034310227,31504.2376010864,31430.6230367824,31581.4786935713,15.55452546024,12.3878132338225,19.121034310227,31504.2376010864,31430.6230367824,31581.4786935713,projected,-37.4812747665375,projected,78519.9019692766,,670.683569494441,434.595791614242,962.696167897666
New York,2020-07-12,258.2,161.7,410,80.9,63.3,121.7,71.4,60,111.7,30.6,13.3,61.7,10.6,10,13.3,0,0,0,0,0,0,14.7789723803852,11.6689249506555,18.2676104927593,31519.0165734667,31442.4931808429,31599.3555409438,14.7789723803852,11.6689249506555,18.2676104927593,31519.0165734667,31442.4931808429,31599.3555409438,projected,-37.2173805218693,projected,79110.277172053,,638.753910308618,411.400808391022,926.908927438501
New York,2020-07-13,239.7,155,373.3,76.1,63.3,111.7,67.1,60,101.7,30.2,13.3,66.8,10.5,10,13.3,0,0,0,0,0,0,14.0358450667038,11.0083770048557,17.478511881781,31533.0524185335,31453.410623237,31616.3233678155,14.0358450667038,11.0083770048557,17.478511881781,31533.0524185335,31453.410623237,31616.3233678155,projected,-36.9498069446114,projected,79700.6523748295,,608.555798585471,388.642182707088,885.665370775387
New York,2020-07-14,227.5,156.6,348.3,72.9,61.7,101.7,64.3,60,91.7,30.5,13.3,66.7,10.5,10,13.3,0,0,0,0,0,0,13.3245390026293,10.3623677834528,16.7123030201419,31546.3769575361,31463.5338359561,31632.565233181,13.3245390026293,10.3623677834528,16.7123030201419,31546.3769575361,31463.5338359561,31632.565233181,projected,-36.6786432965744,projected,80291.027577606,,579.994824250633,367.923424943956,844.943115506321
New York,2020-07-15,220.7,153.3,320,70.9,61.7,90,62.7,60,81.7,31,13.3,58.4,10.4,10,13.3,0,0,0,0,0,0,12.6460384047587,9.74316898526113,15.9714725662057,31559.0229959408,31473.4006654757,31648.0721982576,12.6460384047587,9.74316898526113,15.9714725662057,31559.0229959408,31473.4006654757,31648.0721982576,projected,-36.4039856868822,projected,80881.4027803825,,553.263651328379,347.138457467593,806.610608808696
New York,2020-07-16,216.2,150,298.3,69.5,61.7,81.7,61.8,60,71.7,30.8,13.3,66.7,10.5,10,13.3,0,0,0,0,0,0,12.0006252768836,9.17316722166106,15.2570412528975,31571.0236212177,31482.5112865851,31663.0593861813,12.0006252768836,9.17316722166106,15.2570412528975,31571.0236212177,31482.5112865851,31663.0593861813,projected,-36.125937020591,projected,81471.7779831592,,528.306305496093,327.89155982337,770.671216654777
New York,2020-07-17,214.2,146.7,293.3,68.7,61.7,78.3,61.4,60,65,30.2,13.3,70,10.5,10,13.3,0,0,0,0,0,0,11.3902896743998,8.63025618018664,14.5501491455044,31582.4139108921,31490.8359505422,31678.0691654438,11.3902896743998,8.63025618018664,14.5501491455044,31582.4139108921,31490.8359505422,31678.0691654438,projected,-35.8446069208295,projected,82062.1531859357,,504.556647058591,311.587798028672,736.486883850442
New York,2020-07-18,213.4,150,290,68.1,61.7,76.7,61.1,60,65,30.3,13.3,60,10.5,10,13.3,0,0,0,0,0,0,10.8171438329763,8.14547780802532,13.8508362777898,31593.2310547251,31498.8089097133,31692.3512766835,10.8171438329763,8.14547780802532,13.8508362777898,31593.2310547251,31498.8089097133,31692.3512766835,projected,-35.5601116239767,projected,82652.5283887122,,481.919268041674,295.684600835992,707.740064514475
New York,2020-07-19,213.2,151.7,291.7,67.7,61.7,76.7,61,60,65,30.6,13.3,60,10.6,10,13.3,0,0,0,0,0,0,10.2786089249257,7.68344611897364,13.2264148150727,31603.50966365,31506.664230056,31705.0929867928,10.2786089249257,7.68344611897364,13.2264148150727,31603.50966365,31506.664230056,31705.0929867928,projected,-35.2725738475649,projected,83242.9035914887,,460.535186862122,281.432726078853,680.354314814228
New York,2020-07-20,213.2,155,293.3,67.2,61.6,75,60.9,60,63.3,30.8,13.3,65,10.4,10,13.3,0,0,0,0,0,0,9.76954149107855,7.24427154326149,12.65111793204,31613.2792051411,31514.2352684531,31717.1989828722,9.76954149107855,7.24427154326149,12.65111793204,31613.2792051411,31514.2352684531,31717.1989828722,projected,-34.9821226307785,projected,83833.2787942652,,440.332198898213,268.12822519266,654.254050234472
New York,2020-07-21,212,153.3,286.7,66.6,60,75,60.7,60,63.3,29.7,10,65,10.3,10,13.3,0,0,0,0,0,0,9.28656467970942,6.82419744063527,12.1073288054662,31622.5657698208,31521.0990479497,31728.707303862,9.28656467970942,6.82419744063527,12.1073288054662,31622.5657698208,31521.0990479497,31728.707303862,projected,-34.6888931476137,projected,84423.6539970417,,421.243213873195,255.07795480052,630.912053027982
New York,2020-07-22,209.9,148.3,288.4,65.9,53.3,75,60.2,50,63.3,29.4,0,65,10,0,13.3,0,0,0,0,0,0,8.8278367474987,6.44257101389303,11.5940749206384,31631.3936065683,31527.5144639528,31739.7756393916,8.8278367474987,6.44257101389303,11.5940749206384,31631.3936065683,31527.5144639528,31739.7756393916,projected,-34.393026492955,projected,85014.0291998182,,403.36632291168,241.728502266528,607.361762806121
New York,2020-07-23,205.9,131.6,290.1,64.7,45,73.3,59.2,40,63.3,27.1,0,60,9.5,0,13.3,0,0,0,0,0,0,8.39119982167539,6.0773665478604,11.0814760508319,31639.78480639,31533.6005657217,31751.211628493,8.39119982167539,6.0773665478604,11.0814760508319,31639.78480639,31533.6005657217,31751.211628493,projected,-34.0946694420347,projected,85604.4044025947,,386.669705925746,229.417439355142,587.531572388066
New York,2020-07-24,201.3,105,291.7,63.1,35,73.3,57.7,30,63.3,26.1,0,60,9,0,13.3,0,0,0,0,0,0,7.97744387890929,5.73684089702847,10.5877622206155,31647.7622502689,31539.3503436468,31762.2222998565,7.97744387890929,5.73684089702847,10.5877622206155,31647.7622502689,31539.3503436468,31762.2222998565,projected,-33.7939741839372,projected,86194.7796053712,,370.827720857395,217.931778294966,564.817512506014
New York,2020-07-25,193.6,78.3,285,61,23.3,73.3,55.5,20,63.3,23,0,58.3,8.3,0,13.3,0,0,0,0,0,0,7.58748900320264,5.41501004675783,10.1345553915155,31655.3497392721,31544.7993777849,31772.7669604732,7.58748900320264,5.41501004675783,10.1345553915155,31655.3497392721,31544.7993777849,31772.7669604732,projected,-33.4910980300183,projected,86785.1548081477,,355.763794652987,208.495343817445,543.768676501792
New York,2020-07-26,183.8,45,285,58.1,13.3,73.3,52.7,10,63.3,21,0,56.7,7.6,0,13.3,0,0,0,0,0,0,7.2193577652867,5.11764708672545,9.71242197133879,31662.5690970374,31550.1379273334,31782.8466675246,7.2193577652867,5.11764708672545,9.71242197133879,31662.5690970374,31550.1379273334,31782.8466675246,projected,-33.1862030983048,projected,87375.5300109244,,341.54026544448,199.433903113753,525.318807413476
New York,2020-07-27,173.3,20,285,54.6,5,73.3,49.3,0,63.3,20.5,0,60,6.8,0,11.7,0,0,0,0,0,0,6.87102355592151,4.832640247772,9.29550252970084,31669.4401205933,31555.7881994978,31791.5146824373,6.87102355592151,4.832640247772,9.29550252970084,31669.4401205933,31555.7881994978,31791.5146824373,projected,-32.879455975142,projected,87965.9052137009,,328.107885964386,191.617518334882,505.457294992311
New York,2020-07-28,160.5,5,283.3,50.4,3.3,73.3,45.2,0,63.3,16.7,0,55,5.9,0,11.7,0,0,0,0,0,0,6.54157263318538,4.56515200579779,8.91275887753181,31675.9816932265,31561.1981045951,31799.9161570967,6.54157263318538,4.56515200579779,8.91275887753181,31675.9816932265,31561.1981045951,31799.9161570967,projected,-32.5710273555345,projected,88556.2804164774,,315.420592645235,184.119316190248,488.053475976922
New York,2020-07-29,144.3,3.3,271.7,45.6,1.7,71.7,40.6,0,63.3,12.6,0,53.3,4.7,0,11.7,0,0,0,0,0,0,6.22955078300622,4.31434659572178,8.50785134301796,31682.2112440095,31566.3750687119,31808.484697333,6.22955078300622,4.31434659572178,8.50785134301796,31682.2112440095,31566.3750687119,31808.484697333,projected,-32.2610916638096,projected,89146.6556192539,,303.52172414157,177.375568537088,473.534558432456
New York,2020-07-30,127.5,3.3,261.7,40.5,1.7,71.7,35.6,0,61.7,9.9,0,50,3.8,0,11.7,0,0,0,0,0,0,5.93335541934272,4.07887353183223,8.11030163407322,31688.1445994288,31571.3272621617,31816.6819314384,5.93335541934272,4.07887353183223,8.11030163407322,31688.1445994288,31571.3272621617,31816.6819314384,projected,-31.9498266563951,projected,89737.0308220304,,292.396503661918,170.648283762578,458.919545270829
New York,2020-07-31,110.6,1.7,260,35.3,0,71.7,30.6,0,61.7,8.7,0,51.7,3.1,0,11.7,0,0,0,0,0,0,5.65327632021264,3.86003804014899,7.75114840122287,31693.7978757491,31576.0650559938,31824.5334098425,5.65327632021264,3.86003804014899,7.75114840122287,31693.7978757491,31576.0650559938,31824.5334098425,projected,-31.6374130086489,projected,90327.4060248068,,281.870723883888,164.829299191479,444.953175675636
New York,2020-08-01,94.7,1.7,251.7,30,0,70,25.5,0,61.7,6.4,0,50,2.3,0,11.7,0,0,0,0,0,0,5.3897000175973,3.65583893042258,7.42170471166073,31699.1875757666,31580.458947775,31832.0601204618,5.3897000175973,3.65583893042258,7.42170471166073,31699.1875757666,31580.458947775,31832.0601204618,projected,-31.3240338878226,projected,90917.7812275833,,271.884049897928,158.487303764233,431.127349692583
New York,2020-08-02,78.6,0,245,24.6,0,70,20.5,0,61.7,4.5,0,43.3,1.6,0,11.7,0,0,0,0,0,0,5.14128178912202,3.46363029769173,7.12666836239914,31704.3288575558,31583.7896157806,31839.2756980345,5.14128178912202,3.46363029769173,7.12666836239914,31704.3288575558,31583.7896157806,31839.2756980345,projected,-31.0098745143397,projected,91508.1564303598,,262.453656377632,152.468874265114,416.149177879142
New York,2020-08-03,62,0,231.7,19.9,0,68.3,16.1,0,61.7,3,0,33.3,1.2,0,11.7,0,0,0,0,0,0,4.90666332799347,3.28375996191244,6.84842001841089,31709.2355208838,31586.9483595821,31846.1925214963,4.90666332799347,3.28375996191244,6.84842001841089,31709.2355208838,31586.9483595821,31846.1925214963,projected,-30.6951217136814,projected,92098.5316331363,,253.546895921309,146.925623668032,403.531961512845
New York,2020-08-04,48.5,0,223.3,15.8,0,68.3,12.3,0,60,2.3,0,31.7,0.8,0,10,0,0,0,0,0,0,4.68514276530038,3.1139716613553,6.58666945667319,31713.9206636491,31590.3232211958,31852.8251138434,4.68514276530038,3.1139716613553,6.58666945667319,31713.9206636491,31590.3232211958,31852.8251138434,projected,-30.3799634612346,projected,92688.9068359128,,245.132938737681,141.65410640589,390.242608545534
New York,2020-08-05,37.8,0,211.7,12.4,0,65,9.2,0,60,1.4,0,25,0.5,0,10,0,0,0,0,0,0,4.47571248549735,2.94965041799624,6.33373252610345,31718.3963761346,31593.9148895918,31859.1872956843,4.47571248549735,2.94965041799624,6.33373252610345,31718.3963761346,31593.9148895918,31859.1872956843,projected,-30.0645884225192,projected,93279.2820386895,,237.222788213458,136.806824264955,377.659211265203
New York,2020-08-06,29.1,0,203.5,9.4,0,61.7,6.6,0,60,0.8,0,16.7,0.3,0,10,0,0,0,0,0,0,4.27726562458213,2.79067086393479,6.09073592054792,31722.6736417591,31597.3530898286,31865.2895547213,4.27726562458213,2.79067086393479,6.09073592054792,31722.6736417591,31597.3530898286,31865.2895547213,projected,-29.7491854912307,projected,93869.657241466,,229.81303464135,132.346983508067,365.781341702118
New York,2020-08-07,21.1,0,176.8,6.9,0,51.7,4.5,0,50,0.3,0,0,0.2,0,0,0,0,0,0,0,0,4.08980634684934,2.64181632270693,5.84925171394134,31726.763448106,31600.6464760165,31870.5720716008,4.08980634684934,2.64181632270693,5.84925171394134,31726.763448106,31600.6464760165,31870.5720716008,projected,-29.4339433275566,projected,94460.0324442425,,222.825555359537,128.235203247936,354.510561716463
New York,2020-08-08,15.2,0,136.8,5.1,0,41.7,3.1,0,40,0.2,0,0,0.1,0,0,0,0,0,0,0,0,3.91345813160634,2.50722005531579,5.64020678701108,31730.6769062376,31603.6867164391,31875.5291947661,3.91345813160634,2.50722005531579,5.64020678701108,31730.6769062376,31603.6867164391,31875.5291947661,projected,-29.1190498991928,projected,95050.407647019,,216.212773035115,124.268142499914,344.143895163014
New York,2020-08-09,10.8,0,110.1,3.7,0,31.7,2,0,30,0.1,0,0,0,0,0,0,0,0,0,0,0,3.74738855305459,2.39078663699838,5.4101467655647,31734.4242947907,31606.1837238266,31880.2763340083,3.74738855305459,2.39078663699838,5.4101467655647,31734.4242947907,31606.1837238266,31880.2763340083,projected,-28.8046920274671,projected,95640.7828497955,,209.965265672205,120.829918992706,334.882783154538
New York,2020-08-10,7.7,0,86.7,2.6,0,21.7,1.2,0,20,0,0,0,0,0,0,0,0,0,0,0,0,3.59073050566641,2.27274322733156,5.21086508093431,31738.0150252963,31608.3386471861,31884.8228177605,3.59073050566641,2.27274322733156,5.21086508093431,31738.0150252963,31608.3386471861,31884.8228177605,projected,-28.491054940897,projected,96231.158052572,,204.06191522453,117.60380551191,326.671185020776
New York,2020-08-11,5.2,0,45,1.9,0,11.7,0.7,0,10,0,0,0,0,0,0,0,0,0,0,0,0,3.44297413695792,2.16219604386579,5.01694573941804,31741.4579994333,31610.3163825224,31889.1790402656,3.44297413695792,2.16219604386579,5.01694573941804,31741.4579994333,31610.3163825224,31889.1790402656,projected,-28.1783218384528,projected,96821.5332553485,,198.482475226557,114.761808820534,317.837605944555
New York,2020-08-12,3.6,0,16.7,1.3,0,6.7,0.4,0,1.7,0,0,0,0,0,0,0,0,0,0,0,0,3.30344279352366,2.05902710382252,4.82973266634062,31744.7614422268,31612.2964787401,31893.3548747817,3.30344279352366,2.05902710382252,4.82973266634062,31744.7614422268,31612.2964787401,31893.3548747817,projected,-27.8666734646777,projected,97411.908458125,,193.21766761202,112.136373669235,309.609535320476
New York,2020-08-13,2.6,0,10,0.9,0,5,0.2,0,1.7,0,0,0,0,0,0,0,0,0,0,0,0,3.17139225412281,1.96025888746026,4.64950361189294,31747.9328344809,31614.8412860016,31897.3596637598,3.17139225412281,1.96025888746026,4.64950361189294,31747.9328344809,31614.8412860016,31897.3596637598,projected,-27.5562876987118,projected,98002.2836609015,,188.271363509858,109.650479350658,302.03602250074
New York,2020-08-14,1.9,0,8.3,0.6,0,5,0.1,0,1.7,0,0,0,0,0,0,0,0,0,0,0,0,3.04669917463458,1.87347738641984,4.48065939287007,31750.9795336556,31617.1649126236,31901.2035060929,3.04669917463458,1.87347738641984,4.48065939287007,31750.9795336556,31617.1649126236,31901.2035060929,projected,-27.2473391591305,projected,98592.6588636782,,183.628306181395,107.247771021118,294.871336665889
New York,2020-08-15,1.5,0,6.7,0.4,0,3.3,0.1,0,1.7,0,0,0,0,0,0,0,0,0,0,0,0,2.92935963994087,1.79244617554141,4.32160727676191,31753.9088932955,31619.0901150681,31905.3006721318,2.92935963994087,1.79244617554141,4.32160727676191,31753.9088932955,31619.0901150681,31905.3006721318,projected,-24.4930089346491,projected,98951.835,,181.601190296378,106.379306407133,291.819885720359
New York,2020-08-16,1.1,0,6.7,0.3,0,3.3,0,0,0,0,0,0,0,0,0,0,0,0,0,0,0,2.81888560934534,1.71493065854602,4.17017112875019,31756.7277789048,31620.9484830911,31909.3714367818,2.81888560934534,1.71493065854602,4.17017112875019,31756.7277789048,31620.9484830911,31909.3714367818,projected,-24.1323783080775,projected,98951.835,,180.208304624965,105.868971008155,289.801966161141
New York,2020-08-17,0.8,0,5,0.2,0,3.3,0,0,0,0,0,0,0,0,0,0,0,0,0,0,0,2.71474552999347,1.64274266612365,4.03129293566235,31759.4425244348,31623.4468063561,31913.3023961711,2.71474552999347,1.64274266612365,4.03129293566235,31759.4425244348,31623.4468063561,31913.3023961711,projected,-23.7740347373568,projected,98951.835,,177.222880086012,104.410489811469,285.229446000373
New York,2020-08-18,0.6,0,5,0.1,0,1.7,0,0,0,0,0,0,0,0,0,0,0,0,0,0,0,2.61658017990696,1.57574289059812,3.90979616717741,31762.0591046147,31625.3759408295,31917.1003825544,2.61658017990696,1.57574289059812,3.90979616717741,31762.0591046147,31625.3759408295,31917.1003825544,projected,-23.4181646946688,projected,98951.835,,174.548238102339,103.017203474278,281.160933702672
New York,2020-08-19,0.4,0,3.3,0.1,0,1.7,0,0,0,0,0,0,0,0,0,0,0,0,0,0,0,2.52394726421826,1.51367550324703,3.78779253959383,31764.583051879,31626.9659828652,31920.7718831791,2.52394726421826,1.51367550324703,3.78779253959383,31764.583051879,31626.9659828652,31920.7718831791,projected,-23.0649488182182,projected,98951.835,,172.130246423729,101.659927459946,277.419550672593
New York,2020-08-20,0.3,0,3.3,0.1,0,1.7,0,0,0,0,0,0,0,0,0,0,0,0,0,0,0,2.43635826320829,1.45599733430963,3.66129834652293,31767.0194101422,31628.4992822455,31924.3230381637,2.43635826320829,1.45599733430963,3.66129834652293,31767.0194101422,31628.4992822455,31924.3230381637,projected,-22.7145615946437,projected,98951.835,,169.957007306293,100.559290174907,273.409599108761
New York,2020-08-21,0.2,0,3.3,0,0,0,0,0,0,0,0,0,0,0,0,0,0,0,0,0,0,2.35363746497341,1.4027948811593,3.54339241320849,31769.3730476071,31629.8876999521,31927.7602736914,2.35363746497341,1.4027948811593,3.54339241320849,31769.3730476071,31629.8876999521,31927.7602736914,projected,-22.3671710703929,projected,98951.835,,168.04646134701,99.73909716052,269.370126410341
New York,2020-08-22,0.1,0,1.7,0,0,0,0,0,0,0,0,0,0,0,0,0,0,0,0,0,0,2.27571940165739,1.35337315769657,3.42544897557727,31771.6487670088,31631.2184266355,31931.0900972621,2.27571940165739,1.35337315769657,3.42544897557727,31771.6487670088,31631.2184266355,31931.0900972621,projected,-22.0229385926887,projected,98951.835,,166.358923300609,99.050667272415,266.220866710879
New York,2020-08-23,0.1,0,1.7,0,0,0,0,0,0,0,0,0,0,0,0,0,0,0,0,0,0,2.20234344615965,1.30763059540795,3.3316611654408,31773.851110455,31632.506498591,31934.3179386631,2.20234344615965,1.30763059540795,3.3316611654408,31773.851110455,31632.506498591,31934.3179386631,projected,-21.6820185804693,projected,98951.835,,164.849434672376,98.4730845526326,263.936302638519
New York,2020-08-24,0.1,0,1.7,0,0,0,0,0,0,0,0,0,0,0,0,0,0,0,0,0,0,2.1332031147521,1.26510357007455,3.23047429486141,31775.9843135697,31633.7547696301,31937.4364060043,2.1332031147521,1.26510357007455,3.23047429486141,31775.9843135697,31633.7547696301,31937.4364060043,projected,-21.344558325491,projected,98951.835,,163.507003713882,97.9931064404082,261.899173912639
New York,2020-08-25,0,0,0,0,0,0,0,0,0,0,0,0,0,0,0,0,0,0,0,0,0,2.0680491549266,1.22560389017863,3.13438282079615,31778.0523627246,31635.0359189551,31940.4595352437,2.0680491549266,1.22560389017863,3.13438282079615,31778.0523627246,31635.0359189551,31940.4595352437,projected,-21.0106978235724,projected,98951.835,,162.321551877316,97.6032791054342,260.095936143864
New York,2020-08-26,0,0,0,0,0,0,0,0,0,0,0,0,0,0,0,0,0,0,0,0,0,2.00660112056249,1.18938002506711,3.0436390643702,31780.0589638452,31636.3712325142,31943.3977362212,2.00660112056249,1.18938002506711,3.0436390643702,31780.0589638452,31636.3712325142,31943.3977362212,projected,-20.6805696357603,projected,98951.835,,161.253239888705,97.1003446752671,258.457362979557
New York,2020-08-27,0,0,0,0,0,0,0,0,0,0,0,0,0,0,0,0,0,0,0,0,0,1.94854738239832,1.15575791819847,2.96042460009903,31782.0075112276,31637.671589694,31946.2691710198,1.94854738239832,1.15575791819847,2.96042460009903,31782.0075112276,31637.671589694,31946.2691710198,projected,-20.3542987790286,projected,98951.835,,160.311403276982,96.5373772951309,257.008139050053
New York,2020-08-28,0,0,0,0,0,0,0,0,0,0,0,0,0,0,0,0,0,0,0,0,0,1.89369124348901,1.12443251458144,2.88280052510163,31783.9012024711,31638.9391909205,31949.0610382601,1.89369124348901,1.12443251458144,2.88280052510163,31783.9012024711,31638.9391909205,31949.0610382601,projected,-20.032002645928,projected,98951.835,,159.565342211843,96.0891483335756,255.846855158266
New York,2020-08-29,0,0,0,0,0,0,0,0,0,0,0,0,0,0,0,0,0,0,0,0,0,1.84193451246632,1.09530660247556,2.808920213698,31785.7431369836,31640.1750239127,31951.7776313388,1.84193451246632,1.09530660247556,2.808920213698,31785.7431369836,31640.1750239127,31951.7776313388,projected,-19.7137909524675,projected,98951.835,,158.990048823776,95.8952893430367,254.939482106734
New York,2020-08-30,0,0,0,0,0,0,0,0,0,0,0,0,0,0,0,0,0,0,0,0,0,1.79316646595873,1.06913670400709,2.7388902886014,31787.5363034495,31641.2876277118,31954.4230727934,1.79316646595873,1.06913670400709,2.7388902886014,31787.5363034495,31641.2876277118,31954.4230727934,projected,-19.3997657133506,projected,98951.835,,158.533593364257,95.8499929070007,253.771930480842
New York,2020-08-31,0,0,0,0,0,0,0,0,0,0,0,0,0,0,0,0,0,0,0,0,0,1.75182552057484,1.04789190558504,2.67256521859963,31789.2881289701,31642.3777702831,31957.0325274576,1.75182552057484,1.04789190558504,2.67256521859963,31789.2881289701,31642.3777702831,31957.0325274576,projected,-19.0900212435634,projected,98951.835,,158.191929329274,95.8229484735988,252.777095037978
New York,2020-09-01,0,0,0,0,0,0,0,0,0,0,0,0,0,0,0,0,0,0,0,0,0,1.71854531170339,1.03777862965226,2.62942748621244,31791.0066742818,31643.4572528751,31959.6157418195,1.71854531170339,1.03777862965226,2.62942748621244,31791.0066742818,31643.4572528751,31959.6157418195,projected,-18.7846441852006,projected,98951.835,,157.960443138592,95.7333721134346,251.959464581031
New York,2020-09-02,0,0,0,0,0,0,0,0,0,0,0,0,0,0,0,0,0,0,0,0,0,1.68932415924224,1.02353112810897,2.56951919968551,31792.695998441,31644.5296930331,31962.1526209653,1.68932415924224,1.02353112810897,2.56951919968551,31792.695998441,31644.5296930331,31962.1526209653,projected,-18.4837135583087,projected,98951.835,,157.786353854336,95.6844693107065,251.844262748398
New York,2020-09-03,0,0,0,0,0,0,0,0,0,0,0,0,0,0,0,0,0,0,0,0,0,1.6636502331439,1.01028416470281,2.53478607791039,31794.3596486742,31645.5844506834,31964.6476354549,1.6636502331439,1.01028416470281,2.53478607791039,31794.3596486742,31645.5844506834,31964.6476354549,projected,-18.1873008344498,projected,98951.835,,157.679758673135,95.6761101391632,251.04370235391
New York,2020-09-04,0,0,0,0,0,0,0,0,0,0,0,0,0,0,0,0,0,0,0,0,0,1.64208885399147,0.997467317661994,2.50070436375308,31796.0017375282,31646.7824148526,31967.1044907379,1.64208885399147,0.997467317661994,2.50070436375308,31796.0017375282,31646.7824148526,31967.1044907379,projected,-17.8954700316182,projected,98951.835,,157.74539598907,95.7680296999402,250.570704721333
New York,2020-09-05,0,0,0,0,0,0,0,0,0,0,0,0,0,0,0,0,0,0,0,0,0,1.62060456966523,0.987024684869266,2.4657067902368,31797.6223420978,31647.9778376138,31969.5267665009,1.62060456966523,0.987024684869266,2.4657067902368,31797.6223420978,31647.9778376138,31969.5267665009,projected,-17.6082778290759,projected,98951.835,,157.963851981722,96.0603024246171,250.990691534802
New York,2020-09-06,0,0,0,0,0,0,0,0,0,0,0,0,0,0,0,0,0,0,0,0,0,1.59811185863115,0.977083284747823,2.43454329518599,31799.2204539565,31649.1565919383,31971.9183728135,1.59811185863115,0.977083284747823,2.43454329518599,31799.2204539565,31649.1565919383,31971.9183728135,projected,-17.3257737006594,projected,98951.835,,158.271167605683,96.4063051338773,251.546600734536
New York,2020-09-07,0,0,0,0,0,0,0,0,0,0,0,0,0,0,0,0,0,0,0,0,0,1.57804172758684,0.968125499297639,2.4011427820391,31800.7984956841,31650.3201924914,31974.2826282018,1.57804172758684,0.968125499297639,2.4011427820391,31800.7984956841,31650.3201924914,31974.2826282018,projected,-17.0480000650526,projected,98951.835,,158.666435304202,96.6567248710431,252.238933631126
New York,2020-09-08,0,0,0,0,0,0,0,0,0,0,0,0,0,0,0,0,0,0,0,0,0,1.56013024291798,0.959707977935886,2.3697967070123,31802.358625927,31651.4699892141,31976.6221700065,1.56013024291798,0.959707977935886,2.3697967070123,31802.358625927,31651.4699892141,31976.6221700065,projected,-16.7749924515333,projected,98951.835,,159.147803527337,96.9514484609012,252.94404051397
New York,2020-09-09,0,0,0,0,0,0,0,0,0,0,0,0,0,0,0,0,0,0,0,0,0,1.5441927567979,0.953787612051383,2.34180711426998,31803.9028186838,31652.6041103314,31978.9394866566,1.5441927567979,0.953787612051383,2.34180711426998,31803.9028186838,31652.6041103314,31978.9394866566,projected,-16.5067796796815,projected,98951.835,,159.647160051638,97.2505582321901,253.64264287753
New York,2020-09-10,0,0,0,0,0,0,0,0,0,0,0,0,0,0,0,0,0,0,0,0,0,1.53006919742467,0.948064935614548,2.31666976224724,31805.4328878812,31653.7007285958,31981.2369268596,1.53006919742467,0.948064935614548,2.31666976224724,31805.4328878812,31653.7007285958,31981.2369268596,projected,-16.2433840515574,projected,98951.835,,160.174065447036,97.6517326406203,254.699431405403
New York,2020-09-11,0,0,0,0,0,0,0,0,0,0,0,0,0,0,0,0,0,0,0,0,0,1.51749334894189,0.942419971265008,2.295388548557,31806.9503812301,31654.7612537288,31983.516224818,1.51749334894189,0.942419971265008,2.295388548557,31806.9503812301,31654.7612537288,31983.516224818,projected,-15.9848215548735,projected,98951.835,,160.86862872627,98.1524064675905,256.004033872671
New York,2020-09-12,0,0,0,0,0,0,0,0,0,0,0,0,0,0,0,0,0,0,0,0,0,1.50628888586624,0.936608721416633,2.27918411184983,31808.456670116,31655.8169364839,31985.7792735092,1.50628888586624,0.936608721416633,2.27918411184983,31808.456670116,31655.8169364839,31985.7792735092,projected,-15.7311020757137,projected,98951.835,,161.715332668908,98.794416096108,257.443656226248
New York,2020-09-13,0,0,0,0,0,0,0,0,0,0,0,0,0,0,0,0,0,0,0,0,0,1.49651195789131,0.934617242761124,2.26490832005902,31809.9531820739,31656.8684072408,31988.0290707105,1.49651195789131,0.934617242761124,2.26490832005902,31809.9531820739,31656.8684072408,31988.0290707105,projected,-15.4822296193901,projected,98951.835,,162.636078737792,99.507024205802,259.005145001411
New York,2020-09-14,0,0,0,0,0,0,0,0,0,0,0,0,0,0,0,0,0,0,0,0,0,1.48818612445268,0.932130486330152,2.25245628778193,31811.4413681983,31657.9163540048,31990.2682319981,1.48818612445268,0.932130486330152,2.25245628778193,31811.4413681983,31657.9163540048,31990.2682319981,projected,-15.2382025380778,projected,98951.835,,163.632256861342,100.254344326258,260.692080335878
New York,2020-09-15,0,0,0,0,0,0,0,0,0,0,0,0,0,0,0,0,0,0,0,0,0,1.48122238506623,0.931854049625963,2.24134031474268,31812.9225905834,31658.9618984315,31992.4985677986,1.48122238506623,0.931854049625963,2.24134031474268,31812.9225905834,31658.9618984315,31992.4985677986,projected,-14.9990137639073,projected,98951.835,,164.703985043406,100.938112723269,262.505791581981
New York,2020-09-16,0,0,0,0,0,0,0,0,0,0,0,0,0,0,0,0,0,0,0,0,0,1.47558711059401,0.93110674941363,2.23167594162924,31814.398177694,31660.0060073307,31994.4935380541,1.47558711059401,0.93110674941363,2.23167594162924,31814.398177694,31660.0060073307,31994.4935380541,projected,-14.7646510462673,projected,98951.835,,165.765238235634,101.585062305257,264.297111892747
New York,2020-09-17,0,0,0,0,0,0,0,0,0,0,0,0,0,0,0,0,0,0,0,0,0,1.47124922465266,0.932203370619936,2.22433568073993,31815.8694269187,31661.0493216517,31996.2802490887,1.47124922465266,0.932203370619936,2.22433568073993,31815.8694269187,31661.0493216517,31996.2802490887,projected,-14.5350971921132,projected,98951.835,,166.824395791756,102.226139282668,266.073606527317
New York,2020-09-18,0,0,0,0,0,0,0,0,0,0,0,0,0,0,0,0,0,0,0,0,0,1.46795486899387,0.933122512263071,2.21659443520512,31817.3373817877,31662.0924560606,31998.0550235949,1.46795486899387,0.933122512263071,2.21659443520512,31817.3373817877,31662.0924560606,31998.0550235949,projected,-14.3103303081586,projected,98951.835,,168.060159344185,102.924406555295,268.15524594374
New York,2020-09-19,0,0,0,0,0,0,0,0,0,0,0,0,0,0,0,0,0,0,0,0,0,1.46551233691303,0.932019585371017,2.21530876200213,31818.8028941246,31663.1359960316,31999.8193391133,1.46551233691303,0.932019585371017,2.21530876200213,31818.8028941246,31663.1359960316,31999.8193391133,projected,-14.0903240438768,projected,98951.835,,169.460083588598,103.632045830833,270.520897719031
New York,2020-09-20,0,0,0,0,0,0,0,0,0,0,0,0,0,0,0,0,0,0,0,0,0,1.46405066490627,0.932963290857697,2.21299311831872,31820.2669447895,31664.1876815217,32001.5621159645,1.46405066490627,0.932963290857697,2.21299311831872,31820.2669447895,31664.1876815217,32001.5621159645,projected,-13.8750478343261,projected,98951.835,,170.929271209627,104.374437755346,273.006271225074
New York,2020-09-21,0,0,0,0,0,0,0,0,0,0,0,0,0,0,0,0,0,0,0,0,0,1.46366699567301,0.933091344657714,2.21196922781219,31821.7306117851,31665.2430772104,32003.2932813572,1.46366699567301,0.933091344657714,2.21196922781219,31821.7306117851,31665.2430772104,32003.2932813572,projected,-13.6644671418691,projected,98951.835,,172.471076163493,105.152493855916,275.571521324432
New York,2020-09-22,0,0,0,0,0,0,0,0,0,0,0,0,0,0,0,0,0,0,0,0,0,1.46430196515151,0.932504503112978,2.21374712052166,31823.1949137503,31666.3003618769,32005.0175799532,1.46430196515151,0.932504503112978,2.21374712052166,31823.1949137503,31666.3003618769,32005.0175799532,projected,-13.4585436959261,projected,98951.835,,174.087247787196,105.966688662022,278.058834173111
New York,2020-09-23,0,0,0,0,0,0,0,0,0,0,0,0,0,0,0,0,0,0,0,0,0,1.46597302050894,0.932929023600082,2.2181219681006,31824.6608867708,31667.5571757917,32006.7359476621,1.46597302050894,0.932929023600082,2.2181219681006,31824.6608867708,31667.5571757917,32006.7359476621,projected,-13.2572357299942,projected,98951.835,,175.670612527516,106.751609370112,280.513241868466
New York,2020-09-24,0,0,0,0,0,0,0,0,0,0,0,0,0,0,0,0,0,0,0,0,0,1.4687110896219,0.933411436906863,2.22386074099995,31826.1295978604,31668.9240973061,32008.450311184,1.4687110896219,0.933411436906863,2.22386074099995,31826.1295978604,31668.9240973061,32008.450311184,projected,-13.0604982151994,projected,98951.835,,177.227823262123,107.514052201062,282.941645659599
New York,2020-09-25,0,0,0,0,0,0,0,0,0,0,0,0,0,0,0,0,0,0,0,0,0,1.47223201155334,0.933704061120625,2.22990082540127,31827.601829872,31670.0019476067,32010.1623947915,1.47223201155334,0.933704061120625,2.22990082540127,31827.601829872,31670.0019476067,32010.1623947915,projected,-12.8682830897507,projected,98951.835,,178.981551715555,108.387884639204,285.648530397005
New York,2020-09-26,0,0,0,0,0,0,0,0,0,0,0,0,0,0,0,0,0,0,0,0,0,1.47630068609363,0.936597800347954,2.23639028829712,31829.0781305581,31671.0751550844,32012.1466122036,1.47630068609363,0.936597800347954,2.23639028829712,31829.0781305581,31671.0751550844,32012.1466122036,projected,-12.6805394837086,projected,98951.835,,180.922137653831,109.373407708528,288.620783647895
New York,2020-09-27,0,0,0,0,0,0,0,0,0,0,0,0,0,0,0,0,0,0,0,0,0,1.48110074643469,0.940403812165914,2.24554650955697,31830.5592313045,31672.1508442169,32013.9238159363,1.48110074643469,0.940403812165914,2.24554650955697,31830.5592313045,31672.1508442169,32013.9238159363,projected,-12.4972139385613,projected,98951.835,,182.934731115786,110.476951151062,291.844805126544
New York,2020-09-28,0,0,0,0,0,0,0,0,0,0,0,0,0,0,0,0,0,0,0,0,0,1.48678795879085,0.944826908944378,2.25773547542967,31832.0460192633,31673.2292135529,32015.5011993255,1.48678795879085,0.944826908944378,2.25773547542967,31832.0460192633,31673.2292135529,32015.5011993255,projected,-12.318250621153,projected,98951.835,,185.024619851209,111.611339240242,295.879813020304
New York,2020-09-29,0,0,0,0,0,0,0,0,0,0,0,0,0,0,0,0,0,0,0,0,0,1.49331814164694,0.948906812734822,2.27121806471814,31833.5393374049,31674.309661428,32017.0837758168,1.49331814164694,0.948906812734822,2.27121806471814,31833.5393374049,31674.309661428,32017.0837758168,projected,-12.1435915315758,projected,98951.835,,187.195123046745,112.677633501543,300.09514802075
New York,2020-09-30,0,0,0,0,0,0,0,0,0,0,0,0,0,0,0,0,0,0,0,0,0,1.50074817864689,0.954282101691388,2.28383835922668,31835.0400855836,31675.3513634006,32018.9379063558,1.50074817864689,0.954282101691388,2.28383835922668,31835.0400855836,31675.3513634006,32018.9379063558,projected,-11.9731767046972,projected,98951.835,,189.314028670548,113.702859441331,304.230257100891
New York,2020-10-01,0,0,0,0,0,0,0,0,0,0,0,0,0,0,0,0,0,0,0,0,0,1.50916079801445,0.960048549829207,2.29903970872174,31836.5492463816,31676.4030225805,32021.0720271338,1.50916079801445,0.960048549829207,2.29903970872174,31836.5492463816,31676.4030225805,32021.0720271338,projected,-11.8069444050341,projected,98951.835,,191.385666561447,114.691413662769,308.030847397633
