"amt_ICU beds needed|Mitigated",date,dataKey,hospital_capacity,icu_capacity,"range_ICU beds needed|Mitigated",epi_week,"amt_Hospital beds needed|Mitigated","range_Hospital beds needed|Mitigated","amt_New Deaths|Mitigated","range_New Deaths|Mitigated","amt_Total Deaths|Mitigated","range_Total Deaths|Mitigated","amt_New Infectious|Mitigated","range_New Infectious|Mitigated","amt_Total Infectious|Mitigated","range_Total Infectious|Mitigated","amt_New Attack Rate|Mitigated","range_New Attack Rate|Mitigated","amt_Attack Rate|Mitigated","range_Attack Rate|Mitigated","amt_New Deaths per 10,000|Mitigated","range_New Deaths per 10,000|Mitigated","amt_Total Deaths per 10,000|Mitigated","range_Total Deaths per 10,000|Mitigated","amt_New Infectious per 10,000|Mitigated","range_New Infectious per 10,000|Mitigated","amt_Total Infectious per 10,000|Mitigated","range_Total Infectious per 10,000|Mitigated"
863.42611028143,2020-03-19,"Total Infectious per 10,000|Mitigated",46301,4301,385.172632369301|3095.69739326167,2020-12,3677.56444266755,1630.20474474225|12307.3550110972,0,0|0,0,0|0,0,0|0,0,0|0,0,0|0,0,0|0,0,0|0,0,0|0,0,0|0,0,0|0
1025.60236409468,2020-03-20,"Hospital beds needed|Mitigated",46301,4301,432.320104990896|3643.16469246922,2020-12,4342.08676796591,1869.2416403597|14389.5252063079,127.535715780992,52.5840319660847|422.250024624846,127.535715780992,52.5840319660847|422.250024624846,88474.0215574068,40381.7896514471|233761.88177982,88474.0215574068,40381.7896514471|233761.88177982,0.00418725738857458,0.00191117057985402|0.0110633737386351,0.00418725738857458,0.00191117057985402|0.0110633737386351,0.0603595110531515,0.0248867263514368|0.199840529944597,0.0603595110531515,0.0248867263514368|0.199840529944597,41.8725738857458,19.1117057985402|110.633737386351,41.8725738857458,19.1117057985402|110.633737386351
1221.22577478118,2020-03-21,"Hospital beds needed|Mitigated",46301,4301,509.607759102362|4191.8378066199,2020-12,5164.49338053622,2207.62655086839|16781.2386147132,148.826155613215,61.5117117845913|481.570760111996,276.361871394207,115.91304790159|895.329970033373,99713.3008842563,47669.4674272639|247670.308121656,188187.322441663,88101.1778076082|481355.379504704,0.00471918477895626,0.00225607840788284|0.0117216252788966,0.00890644216753083,0.00416961161280169|0.0227813637707583,0.0704357515047778,0.0291119771792873|0.227915572040776,0.130795262557929,0.0548587887963479|0.423737608649558,47.1918477895626,22.5607840788284|117.216252788966,89.0644216753083,41.6961161280169|227.813637707583
1451.55705994798,2020-03-22,"Hospital beds needed|Mitigated",46301,4301,594.019091871658|4860.0885741964,2020-13,6141.49961600248,2639.71607972471|19409.8936659312,173.508873770212,72.8995248757206|543.780129844196,449.870745164419,190.52683950949|1433.75598855412,109455.652435334,54203.7368610723|257563.125755915,297642.974876998,142938.349139636|738343.052911641,0.00518026626701628,0.00256532927592321|0.0121898279558372,0.0140867084345471,0.00676491978108221|0.0349439569851695,0.0821174736819401,0.034501548452997|0.257357733532294,0.212912736239869,0.0901716574441264|0.678561373249081,51.8026626701628,25.6532927592321|121.898279558372,140.867084345471,67.6491978108221|349.439569851695
1720.3099034554,2020-03-23,"Hospital beds needed|Mitigated",46301,4301,708.56308622089|5582.32181042546,2020-13,7281.13196126746,3173.92313145076|22426.7882872345,201.83209816262,86.891298259338|611.572455795316,651.702843327039,281.021729337473|2039.37406516509,125226.990643734,65222.9871920197|275105.937380001,422869.965520731,208292.350939269|1013071.93432581,0.00592668483461786,0.00308684323620899|0.0130200859942565,0.0200133932691649,0.00985796361577292|0.0479461978498495,0.0955221577369552,0.0411235099563292|0.289442170605531,0.308434893976825,0.133000658476322|0.965185482937395,59.2668483461786,30.8684323620899|130.200859942565,200.133932691649,98.5796361577292|479.461978498495
2031.49267850562,2020-03-24,"Hospital beds needed|Mitigated",46301,4301,865.699330768579|6312.71595609784,2020-13,8593.18744064067,3809.7489487903|25480.1036541019,234.777699216763,104.825920569134|687.765238344471,886.480542543801,387.313964373081|2718.83447682247,146428.660337646,79723.4148930319|299459.900110381,569298.625858378,288212.507955923|1311909.0550204,0.00693010760791573,0.00377311274176276|0.0141726990278767,0.0269435008770807,0.013640387677359|0.0620894222628698,0.111114498743573,0.0496115246815625|0.325502336750233,0.419549392720397,0.183306153656301|1.28675734989613,69.3010760791573,37.7311274176276|141.726990278767,269.435008770807,136.40387677359|620.894222628698
2388.87353187677,2020-03-25,"Hospital beds needed|Mitigated",46301,4301,1049.04466827634|7163.99520358459,2020-13,10098.0512979219,4567.16370492141|28863.202761251,272.172581344377,122.862884246256|766.381457826435,1158.65312388818,515.013252676423|3483.31929142646,163811.942170711,92663.1552586455|313882.403248054,733110.568029088,381199.371285363|1625265.64118494,0.0077528154945008,0.00438551876217854|0.0148552805558993,0.0346963163715815,0.0180412267447222|0.076919817192127,0.128812574825955,0.0581479750536613|0.362709455867573,0.548361967546352,0.243743079552898|1.6485691712709,77.528154945008,43.8551876217854|148.552805558993,346.963163715815,180.412267447222|769.19817192127
2796.14525390167,2020-03-26,"Hospital beds needed|Mitigated",46301,4301,1246.78444786683|8090.14442374095,2020-13,11805.4167054554,5464.48142946419|32437.5534938532,314.919213274077,147.248154034704|848.008251262579,1473.57233716226,666.783475307668|4319.42866067285,178075.351969199,105333.737468009|320683.883541418,911185.919998287,486533.108753373|1945594.81516369,0.00842786752687882,0.00498518619042217|0.0151771778553586,0.0431241838984603,0.0230264129351444|0.0920802075180962,0.149043502191246,0.069688922248857|0.401341405439276,0.697405469737598,0.315572185418278|2.04427912910997,84.2786752687882,49.8518619042217|151.771778553586,431.241838984603,230.264129351444|920.802075180962
3260.70472076044,2020-03-27,"Hospital beds needed|Mitigated",46301,4301,1508.76946735555|9010.89156079001,2020-13,13738.2512278746,6566.48540566133|36186.256436874,363.286101067538,175.105214065351|938.706476698498,1836.8584382298,842.586939624945|5248.99399166622,194495.588880372,119870.685703079|327776.971213347,1105681.50887866,606403.794456452|2272985.0274674,0.00920499687081675,0.00567318412284493|0.0155128762133542,0.0523291807692771,0.0286995970579894|0.107574779385458,0.171934358140879,0.0828729822004674|0.444266640203329,0.869339827878478,0.398775632254012|2.48421949034235,92.0499687081675,56.7318412284493|155.128762133542,523.291807692771,286.995970579894|1075.74779385458
3785.82534646294,2020-03-28,"Hospital beds needed|Mitigated",46301,4301,1829.83997267134|10037.7237760232,2020-13,15914.2255856335,7891.64999599997|40073.323402053,417.966179234099,208.561195381847|1030.45000057649,2254.82461746389,1054.91669807473|6273.41825906139,212259.432618305,136458.753663819|333992.422246195,1317940.94149696,742862.548120271|2606200.63740028,0.0100457158144321,0.00645825649672494|0.0158070381922321,0.0623748965837091,0.0351578535547143|0.12334505296542,0.197813091500163,0.0987068736065016|0.487686588957749,1.06715291937864,0.499266073881131|2.96905424829469,100.457158144321,64.5825649672494|158.070381922321,623.748965837091,351.578535547143|1233.4505296542
4375.78854255335,2020-03-29,"Hospital beds needed|Mitigated",46301,4301,2151.94898657529|11009.5860944409,2020-14,18338.7170918789,9342.09213317502|43992.9753465261,478.850497711554,245.501897254274|1120.0535114041,2733.67511517545,1304.74907398212|7384.69649117498,209824.734541145,138808.335721834|314400.304061973,1527765.67603811,881670.883842105|2920600.94146225,0.00993048755496021,0.00656945642478633|0.0148797915250115,0.0723053841386692,0.0417273099795006|0.138224844490432,0.226628138889823,0.116189997367761|0.530093722277857,1.29378105826847,0.617505580067088|3.49499484715856,99.3048755496021,65.6945642478633|148.797915250115,723.053841386692,417.273099795006|1382.24844490432
5016.25600973531,2020-03-30,"Hospital beds needed|Mitigated",46301,4301,2571.32708444198|12092.4385131502,2020-14,20945.3148661674,11044.2230075551|47918.5655646549,541.98338686797,290.061024962564|1210.13434524841,3275.65850204342,1594.81009894468|8590.04594300822,188397.046304893,127263.363240275|272558.701090716,1716162.722343,1008934.24708238|3192449.57031378,0.00891636788109525,0.00602306133079896|0.0128995315785648,0.0812217520197646,0.0477503713102996|0.15109077009995,0.256507379363902,0.137278734314562|0.572726760817744,1.55028843763237,0.754784314381651|4.06545703585066,89.1636788109525,60.2306133079896|128.995315785648,812.217520197646,477.503713102996|1510.9077009995
5672.02285623041,2020-03-31,"Hospital beds needed|Mitigated",46301,4301,2982.74202390167|13067.0162195761,2020-14,23570.7188023728,12737.254876336|51647.3565441248,601.827296699087,333.154136685461|1287.62949752045,3877.4857987425,1931.21527847722|9862.08854359514,172228.585785233,118871.803261806|239927.673741389,1888391.30812823,1127806.05034419|3432267.95389339,0.00815115449324337,0.00562590947873002|0.0113551854760584,0.0893729065130079,0.0533762807890296|0.162440783142006,0.284830026983006,0.157673642026686|0.609403306454277,1.83511846461537,0.91399659486315|4.66748344813861,81.5115449324337,56.2590947873002|113.551854760584,893.729065130079,533.762807890296|1624.40783142006
6314.98613402734,2020-04-01,"Hospital beds needed|Mitigated",46301,4301,3383.35596453494|14022.7523894657,2020-14,26074.5691442688,14551.3510876535|54853.8461256293,654.862784866862,365.050798839866|1348.19926298023,4532.34858360937,2304.3263910841|11202.2536945152,159016.729693262,112549.671486983|211896.200091563,2047408.03782149,1240355.72183117|3644001.50529888,0.0075258699061514,0.00532669856325816|0.0100285249141588,0.0968987764191591,0.0587029793522878|0.172461610294714,0.309930416428181,0.172769546104047|0.638069483653101,2.14504888104355,1.09058088881985|5.30175058456112,75.258699061514,53.2669856325816|100.285249141588,968.987764191591,587.029793522878|1724.61610294714
6918.37262223817,2020-04-02,"Hospital beds needed|Mitigated",46301,4301,3819.85547769972|14875.7597086577,2020-14,28349.9095037112,16142.966322374|57479.2144982935,700.04870127219,403.863203059944|1393.32065005224,5232.39728488155,2713.15383646647|12594.158537522,147580.034357843,107736.128539978|189531.49861007,2194988.07217934,1348091.85037115|3832310.56365934,0.00698459930263266,0.00509888543896169|0.00897005871274528,0.103883375721792,0.0638018647912494|0.181373813923253,0.33131579701755,0.191138500456756|0.659424324099389,2.4763646780611,1.28406884281984|5.96050484207969,69.8459930263266,50.9888543896169|89.7005871274528,1038.83375721792,638.018647912494|1813.73813923253
7465.87306383917,2020-04-03,"Hospital beds needed|Mitigated",46301,4301,4234.16965518495|15445.233980349,2020-14,30332.9112513074,17591.8818199664|59399.5389775547,737.633806029257,433.886188756465|1420.92974287177,5970.03109091083,3151.82758189347|14006.4263929968,137391.187067379,102745.615163843|175680.223252399,2332379.25924672,1450837.46553499|4000372.09683552,0.00650238627165415,0.00486269674041313|0.00831451198771078,0.110385761993446,0.0686645615316626|0.189327752086565,0.349103900782254,0.205347639644948|0.672491027281343,2.82546857884336,1.49168231504355|6.6288964115356,65.0238627165415,48.6269674041314|83.1451198771078,1103.85761993446,686.645615316626|1893.27752086565
7948.07245724372,2020-04-04,"Hospital beds needed|Mitigated",46301,4301,4570.20067686856|15871.9204782025,2020-14,31992.8694949134,18905.6256462755|60836.1982373313,766.504168253471,455.693815861412|1437.82081185406,6736.53525916428,3614.23096730222|15443.9359865679,128090.102730503,97158.0742748655|163400.393401279,2460469.36197722,1549057.67990256|4150525.73522355,0.00606218887330181,0.00459825220110671|0.00773333790554047,0.116447950866748,0.0733130822056227|0.196434153725081,0.362767531688387,0.215668652086235|0.680485153935923,3.18823611053174,1.7105264410335|7.30923427352843,60.6218887330181,45.9825220110671|77.3333790554047,1164.47950866748,733.130822056227|1964.34153725081
8360.63694237327,2020-04-05,"Hospital beds needed|Mitigated",46301,4301,4909.55709234962|16272.884364297,2020-15,33315.8466231457,20162.8683606731|61613.5990869664,788.600528496954,483.085302647903|1434.08330027515,7525.13578766124,4102.43277866354|16875.23386448,119454.041234017,91535.4686871186|152245.268547908,2579923.40321124,1643017.6045303|4283896.31840691,0.00565346536697989,0.00433214813602747|0.00720539333898268,0.122101416233728,0.0777599738660424|0.202746254724024,0.373225194408069,0.228632367695834|0.678716281819773,3.56146130493981,1.9415803262027|7.9866322835929,56.5346536697989,43.3214813602747|72.0539333898268,1221.01416233728,777.599738660424|2027.46254724024
8705.21142348165,2020-04-06,"Hospital beds needed|Mitigated",46301,4301,5201.56032095614|16490.8709297855,2020-15,34332.9754416113,21169.6534682569|61757.25424759,803.957447362926,501.449473069798|1422.47094476992,8329.09323502416,4609.20243816901|18287.5596351809,111458.48673215,85161.6712980526|141984.588079824,2691381.88994339,1733264.6343752|4403864.03980616,0.0052750554781294,0.00403049201436777|0.0067197806207464,0.127376471711857,0.0820311433671345|0.208424031307216,0.380493245623031,0.237323676955946|0.673220440155507,3.94195455056284,2.18142191627814|8.65505126289794,52.750554781294,40.3049201436777|67.197806207464,1273.76471711857,820.311433671345|2084.24031307216
8984.19898290542,2020-04-07,"Hospital beds needed|Mitigated",46301,4301,5477.98963322929|16528.5896041323,2020-15,35053.4081556077,22015.2152320248|61469.7755604564,812.817750427287,516.452865836161|1401.79209022592,9141.91098545143,5125.74391242037|19683.0539720278,104002.79507577,77632.8986689439|131605.375950002,2795384.68501916,1819940.49291337|4511247.48116119,0.004922195967218,0.00367417376113139|0.00622855809109139,0.132298667679075,0.0861332981317337|0.213506224930941,0.384686608693701,0.244424412980913|0.663433647947756,4.32664115925653,2.42588826543813|9.3155043393849,49.22195967218,36.7417376113139|62.2855809109139,1322.98667679075,861.332981317337|2135.06224930941
9199.46196540133,2020-04-08,"Hospital beds needed|Mitigated",46301,4301,5688.94091836344|16504.8051302159,2020-15,35493.7479792174,22588.9082681002|60585.8784045072,816.514024477938,531.123695779577|1375.03365410538,9958.42500992939,5656.86760819995|21042.7327080502,97015.937492456,71322.3486486992|122053.518714894,2892400.62251161,1901784.41306971|4607207.60712168,0.00459152521750344,0.00337551098155949|0.00577649222951682,0.136890192896579,0.0900067691614436|0.218047781190774,0.386435964104062,0.251367755218072|0.650769539616279,4.71307712336061,2.67725602065621|9.95900677470749,45.9152521750344,33.7551098155949|57.7649222951682,1368.90192896579,900.067691614436|2180.47781190774
9356.53632185482,2020-04-09,"Hospital beds needed|Mitigated",46301,4301,5869.72195831317|16402.694071714,2020-15,35690.1986035104,23076.2625655546|59639.3634040528,815.66255142464,536.085487069552|1333.49212261959,10774.087561354,6192.9530952695|22367.665799072,90494.7808440214,65595.6578608413|114533.437431168,2982895.40335564,1980332.65454049|4693835.95464122,0.00428289494527723,0.00310448082048581|0.00542058531623686,0.141173087841856,0.0937242638414458|0.222147687375957,0.386032982893213,0.253716048748059|0.631108956590369,5.09911010625381,2.93097206940426|10.5860649525873,42.8289494527723,31.0448082048581|54.2058531623686,1411.73087841856,937.242638414458|2221.47687375957
9456.8266679051,2020-04-10,"Hospital beds needed|Mitigated",46301,4301,6009.05217797095|16254.2005475143,2020-15,35673.5158975309,23467.2685425153|58125.9646583518,810.78461845527,539.637443819227|1300.2005352668,11584.8721798093,6739.02724941303|23654.0742032575,84405.4476036197,60358.5618647188|107552.849947967,3067300.85095925,2055619.57603766|4771282.99482346,0.00399470181068776,0.00285662197425704|0.00509021131490743,0.145167789652544,0.0972874082848971|0.225813064912976,0.383724377439609,0.255397102336691|0.615352868795728,5.48283448369343,3.18941550809926|11.194890345661,39.9470181068776,28.5662197425704|50.9021131490743,1451.67789652544,972.874082848971|2258.13064912976
9507.22266860933,2020-04-11,"Hospital beds needed|Mitigated",46301,4301,6125.12973644627|15938.0292165774,2020-15,35469.4941121405,23727.8814773492|56515.7379426759,801.820909392252,546.475252859056|1249.60209900441,12386.6930892015,7285.50250227209|24894.6171967642,78704.0992087094,55204.9317411321|101516.368138297,3146004.95016796,2127265.95656418|4840688.46091712,0.00372487104261382,0.00261271336206666|0.00480451950827769,0.148892660695157,0.10067825489663|0.229097854567526,0.379482074858303,0.258633268831632|0.591405875954158,5.86231655855173,3.44804877693089|11.7820087702524,37.2487104261382,26.1271336206666|48.0451950827769,1488.92660695157,1006.7825489663|2290.97854567526
9511.621486031,2020-04-12,"Hospital beds needed|Mitigated",46301,4301,6266.84100889572|15590.9095836247,2020-16,35102.9944655083,23900.8863834346|54746.9247284854,789.929787416884,542.364188464933|1195.319952555,13176.6228766184,7827.86669073702|26089.4671676246,73368.471662773,50671.7761353792|96685.9712837485,3219373.42183074,2195501.62765527|4903094.30439157,0.00347234894097172,0.00239817027959323|0.00457590873007504,0.152365009636129,0.103907681036767|0.232051369334672,0.373854299894158,0.256687603374566|0.565715473869235,6.23617085844588,3.70473638030546|12.3475018133687,34.7234894097172,23.9817027959323|45.7590873007504,1523.65009636129,1039.07681036767|2320.51369334672
9476.84235109946,2020-04-13,"Hospital beds needed|Mitigated",46301,4301,6323.77851978702|15222.8067653905,2020-16,34598.6327319035,23967.6620460679|52626.19364867,775.376188885708,549.275868608262|1151.31242815312,13951.9990655041,8379.88906954648|27240.7795957777,68378.6875020167,46099.0535093805|92145.1989986298,3287752.10933276,2260600.47890172|4959015.46699065,0.00323619475438982,0.00218175458756784|0.00436100516893918,0.155601204390519,0.106988649224615|0.234697980138034,0.366966440395144,0.259958731242179|0.544887797172628,6.60313729884102,3.96599496713579|12.8923896105413,32.3619475438982,21.8175458756784|43.6100516893918,1556.01204390519,1069.88649224615|2346.97980138034
9405.13040288,2020-04-14,"Hospital beds needed|Mitigated",46301,4301,6431.63364561915|14790.3568354594,2020-16,33975.5473242821,23893.0231408938|50512.8525177641,758.910109181291,539.216305775161|1101.89901490484,14710.9091746854,8925.43714972099|28332.515053696,63733.6618470405,42491.0744668677|88501.2086654935,3351485.7711798,2322752.38871328|5009324.63199763,0.00301635713819988,0.00201099783165638|0.00418854408739539,0.158617561528719,0.109930145937338|0.237078988926606,0.359173450691557,0.255197788079739|0.521501646517737,6.96231074953259,4.22418942798678|13.4090810960268,30.1635713819988,20.1099783165638|41.8854408739539,1586.17561528719,1099.30145937338|2370.78988926606
9302.54043835656,2020-04-15,"Hospital beds needed|Mitigated",46301,4301,6466.1944614102|14313.3761168389,2020-16,33250.7611910485,23678.5802363579|48276.6391263164,740.218981643365,536.029582993082|1048.06705645699,15451.1281563288,9461.46673271407|29376.4348077942,59374.8965336608,38906.7871685654|83941.3416330599,3410860.66771346,2382017.55048069|5054049.22428223,0.00281006751846479,0.00184136234760808|0.00397273681892973,0.161427629047184,0.112735019979767|0.239195693651881,0.350327400686563,0.253689590726469|0.496024307318689,7.31263815021916,4.47787901871325|13.9031425873528,28.1006751846479,18.4136234760808|39.7273681892973,1614.27629047184,1127.35019979767|2391.95693651881
9173.60880297238,2020-04-16,"Hospital beds needed|Mitigated",46301,4301,6445.83698033015|13827.4675149794,2020-16,32446.3343803036,23458.2638690827|46108.9873028272,719.988441317529,525.97053927696|994.942909643227,16171.1165976463,9987.43727199103|30370.5232293468,55329.1548362303,35762.3746971066|80435.9553068353,3466189.82254969,2438725.97003886|5094719.40648908,0.0026185925349993,0.00169254505500542|0.00380683552343173,0.164046221582183,0.115418889714741|0.241120513140614,0.340752784549187,0.248928893249301|0.470881957921435,7.65339093476834,4.72680791196255|14.3736201371206,26.185925349993,16.9254505500542|38.0683552343173,1640.46221582183,1154.18889714741|2411.20513140614
9019.67874943627,2020-04-17,"Hospital beds needed|Mitigated",46301,4301,6446.62101692822|13325.5897823421,2020-16,31574.9332361024,23191.0310214427|43864.9688264173,698.862660731547,519.665445470998|947.151783022781,16869.9792583779,10510.3139775963|31308.3671934807,51524.3398501573,32103.5475442549|76312.7802094104,3517714.16239984,2492115.52804485|5131395.99132509,0.00243852001899802,0.0015193817833511|0.00361169580798569,0.166484741601181,0.117945685912066|0.242856325508345,0.33075447326064,0.245944847745329|0.448263595544867,7.98414540802899,4.97427256998518|14.8174785713845,24.3852001899802,15.193817833511|36.1169580798569,1664.84741601181,1179.45685912066|2428.56325508345
8844.42023604095,2020-04-18,"Hospital beds needed|Mitigated",46301,4301,6356.90322459801|12788.942493069,2020-16,30654.8756134697,22868.8209852976|41661.1526689642,676.301199344739,505.395746573048|899.759821301828,17546.2804577226,11030.8495566706|32205.5941937674,48020.1855871528,28913.7552236182|72833.713546804,3565734.34798699,2543501.24799484|5164112.2962308,0.0022726770340157,0.00136841677432935|0.00344704015729969,0.168757418635197,0.120377645392829|0.244404707587422,0.320076689632634,0.239191350945773|0.425834148077472,8.30422209766161,5.22062923051977|15.242113997699,22.726770340157,13.6841677432935|34.4704015729969,1687.57418635197,1203.77645392829|2444.04707587422
8650.65283843423,2020-04-19,"Hospital beds needed|Mitigated",46301,4301,6269.08095367576|12325.4263742364,2020-17,29695.6980718963,22233.9348385727|39479.8061849127,653.594883849797,492.456404312185|852.796700836516,18199.8753415724,11539.9776054274|33048.4004041771,44719.2714899321,25856.3438177435|69801.5298714092,3610453.61947693,2592625.16887468|5193798.7927541,0.00211645290517728,0.00122371702773928|0.00330353437701735,0.170873871540374,0.122702559497999|0.245809696302979,0.309330350125301,0.233067479154782|0.403607660607215,8.61355244778691,5.46158698810336|15.6409934054113,21.1645290517728,12.2371702773928|33.0353437701735,1708.73871540374,1227.02559497999|2458.09696302979
8444.40095274606,2020-04-20,"Hospital beds needed|Mitigated",46301,4301,6152.92390555722|11809.1480161682,2020-17,28706.5697058066,21568.7873515263|37325.0387657714,630.167091955337,468.448381373372|807.869470477497,18830.0424335278,12041.8565582763|33843.350650973,41667.277858891,23251.3012556032|66764.8009432778,3652120.89733582,2639032.67523815|5220735.10078702,0.00197200956851752,0.00110042678362174|0.00315981348112515,0.172845881108892,0.124898912398942|0.247084525375359,0.298242553619474,0.22170507359595|0.382344709748026,8.9117950014064,5.69911392725389|16.017223764996,19.7200956851752,11.0042678362174|31.5981348112515,1728.45881108892,1248.98912398942|2470.84525375359
8225.82810184168,2020-04-21,"Hospital beds needed|Mitigated",46301,4301,5991.57607922659|11265.6211921374,2020-17,27700.206577817,20914.7242543246|35228.8284790467,606.755769422817,454.55646044848|775.219258074016,19436.7982029506,12530.9552281917|34586.7743865231,38817.3775635313,20894.5308698784|63404.3423040895,3690938.27489936,2683101.28395831|5244579.83154487,0.00183713081135937,0.000988886649726092|0.00300077125586798,0.174683011920251,0.12698457103884|0.248213037714764,0.287162551656752,0.215130369800384|0.366892168909663,9.19895755306314,5.93059227347287|16.3690678967228,18.3713081135937,9.88886649726092|30.0077125586798,1746.83011920251,1269.8457103884|2482.13037714764
7996.31915805276,2020-04-22,"Hospital beds needed|Mitigated",46301,4301,5844.02277719917|10748.6562008886,2020-17,26682.9307131127,20123.2685606688|33869.5776271589,583.103828697057,431.855983128273|752.567303491032,20019.9020316476,13013.8653650411|35293.5732342867,36166.6518212005,18869.0390744197|60853.5501426823,3727104.92672054,2725191.88288857|5266469.17567233,0.00171167849491349,0.000893025115043522|0.00288004854951242,0.176394690415164,0.128976615350355|0.24924900642417,0.275968671033409,0.204386793357266|0.356171557082189,9.47492622409654,6.15914173951341|16.7035783717117,17.1167849491349,8.93025115043522|28.8004854951242,1763.94690415164,1289.76615350355|2492.4900642417
7762.01596534532,2020-04-23,"Hospital beds needed|Mitigated",46301,4301,5685.68340024907|10257.1503358193,2020-17,25661.4862868587,19322.2496253721|32518.7779670278,559.385032191895,409.125948507658|721.485219190609,20579.2870638395,13472.6465219402|35948.6795847034,33701.2418757289,16949.0291191221|57840.2126130602,3760806.16859628,2765003.91265158|5285874.34443219,0.00159499671840644,0.000802155775886828|0.00273743471086158,0.177989687133571,0.13086082059891|0.250167405235888,0.264743149217393,0.19362922817233|0.341461172627155,9.73966937331393,6.37627155402264|17.0136240617117,15.9499671840644,8.02155775886828|27.3743471086158,1779.89687133571,1308.6082059891|2501.67405235888
7520.41810092012,2020-04-24,"Hospital beds needed|Mitigated",46301,4301,5537.07081164029|9791.66551059736,2020-17,24642.6126914593,18462.6458240527|31316.6512262547,536.370046666467,389.106643101512|684.400714199608,21115.657110506,13922.9432451768|36571.814724891,31406.8185622744,15120.4923530159|55284.3036711194,3792212.98715856,2802823.45006433|5303825.72771444,0.00148640731778169,0.000715615637331125|0.0026164698398941,0.179476094451353,0.132650726095195|0.251016999963929,0.253850723792066,0.184154584316379|0.323909990394024,9.99352009710601,6.58938589518548|17.3085385658679,14.8640731778169,7.15615637331125|26.164698398941,1794.76094451353,1326.50726095195|2510.16999963929
7274.60080295669,2020-04-25,"Hospital beds needed|Mitigated",46301,4301,5382.11456043244|9457.93929086854,2020-17,23631.248005486,17499.4433782573|29918.3292947384,513.202728607453,366.455983796068|659.0424730496,21628.8598391134,14363.4856338618|37151.8090786148,29280.8284929702,13621.2063083259|52781.5200426696,3821493.81565153,2839074.6591698|5320048.46587469,0.00138578944748455,0.000644658123953692|0.00249801925908231,0.180861883898837,0.134366406477975|0.251784782178738,0.242886203132957,0.173434585511841|0.311908559833107,10.236406300239,6.79788375020887|17.5830355990321,13.8578944748455,6.44658123953692|24.9801925908231,1808.61883898837,1343.66406477975|2517.84782178738
7027.36585739042,2020-04-26,"Hospital beds needed|Mitigated",46301,4301,5139.43916169325|9134.61488949575,2020-18,22632.1661588484,16598.9084797204|28625.5623698374,490.313187713671,345.407412597698|628.680588087045,22119.1730268271,14788.2134184935|37692.3065300593,27299.7773689395,12348.4496510229|50234.9671304558,3848793.59302046,2873637.64869978|5334563.77202096,0.00129203118025286,0.000584421688180378|0.00237749718594308,0.18215391507909,0.136002187589006|0.252471755844437,0.232053147560098,0.163472815523559|0.297539027974761,10.4684594477991,6.99889694289821|17.8388397217823,12.9203118025286,5.84421688180378|23.7749718594308,1821.5391507909,1360.02187589006|2524.71755844437
6779.03911841387,2020-04-27,"Hospital beds needed|Mitigated",46301,4301,4907.48057710889|8780.87439750711,2020-18,21650.2024798218,15699.8684993665|27549.4990322892,468.031488512168,324.42149744206|602.880949577731,22587.2045153392,15200.0550598733|38203.2154648272,25460.2644605409,11094.4981169884|48072.6821337772,3874253.85748101,2906413.8983136|5347440.74427783,0.00120497156793409,0.000525075252544538|0.00227516156618523,0.183358886647024,0.137553406703379|0.253081191204963,0.221507768479421,0.153540699096092|0.285328694922298,10.6899672162785,7.1938114415764|18.0806403288234,12.0497156793409,5.25075252544538|22.7516156618523,1833.58886647024,1375.53406703379|2530.81191204963
6532.31821945127,2020-04-28,"Hospital beds needed|Mitigated",46301,4301,4699.88231668985|8455.25873907928,2020-18,20689.1880662443,14831.1995810944|26682.227182491,446.549694932654,308.255450772611|578.264369283664,23033.7542102719,15600.661809712|38674.2169087248,23741.3790103227,10032.6354497991|45864.1539832787,3897995.23649133,2937348.12186082|5359359.72683645,0.00112362095591438,0.000474819909557167|0.00217063737192727,0.184482507602939,0.139017447263848|0.253645287274118,0.211340965015277,0.145889707633387|0.273678274165637,10.9013081812938,7.38340874298157|18.3035537039897,11.2362095591438,4.74819909557167|21.7063737192727,1844.82507602939,1390.17447263848|2536.45287274118
6287.48395944005,2020-04-29,"Hospital beds needed|Mitigated",46301,4301,4496.88938508299|8109.91432405946,2020-18,19752.7234207744,13973.7922438985|25863.3562004725,425.134407101337,288.302649673896|554.511924592721,23458.8886173733,15978.3632906272|39112.4887035738,22145.9311511096,8988.53443221447|43644.7377352696,3920141.16764244,2967124.59002554|5370119.45960731,0.00104811234085453,0.000425405181670485|0.00206559787084877,0.185530619943793,0.140426694115451|0.254154518907888,0.201205637082665,0.136446538627088|0.262436827492578,11.1025138183764,7.56216554512507|18.5109769429113,10.4811234085453,4.25405181670485|20.6559787084877,1855.30619943793,1404.26694115451|2541.54518907888
6042.8838450417,2020-04-30,"Hospital beds needed|Mitigated",46301,4301,4284.85724024576|7833.37349727101,2020-18,18836.8560251419,13152.3757180926|25056.8720899028,404.663837875846,273.726825896166|533.224586027245,23863.5524552491,16355.1577716603|39523.9574213334,20665.7920201713,8159.4201961691|41598.6031505578,3940806.95966261,2995205.64360505|5379871.27281532,0.000978061003715768,0.000386165248300884|0.00196875936382676,0.186508680947509,0.141755701173228|0.254616048192852,0.191517421182798,0.12954816046664|0.25236205479407,11.2940312395592,7.74049308657816|18.705714946031,9.78061003715768,3.86165248300884|19.6875936382676,1865.08680947509,1417.55701173228|2546.16048192852
5803.22200912876,2020-05-01,"Hospital beds needed|Mitigated",46301,4301,4066.28119629679|7546.74095822645,2020-18,17950.5821954422,12467.19607976|24134.2448728674,384.871440524956,257.0760594448|514.7331647656,24248.4238957741,16714.2662852194|39907.4700084164,19288.9663946149,7407.40459383928|39621.0526681284,3960095.92605723,3019591.70830697|5388649.34045024,0.000912899240161829,0.00035057420324891|0.00187516677333443,0.187421580187671,0.142909833514043|0.255031492499719,0.182150167317058,0.121667763077484|0.24361052084771,11.4761814068763,7.91045029551152|18.8872220015041,9.12899240161829,3.5057420324891|18.7516677333443,1874.21580187671,1429.09833514043|2550.31492499719
5567.86825974186,2020-05-02,"Hospital beds needed|Mitigated",46301,4301,3849.3117820249|7277.26700640114,2020-18,17092.6651935475,11765.7005990699|23339.8795526047,365.653364242263,240.962459484961|492.340945726466,24614.0772600164,17058.1883452738|40266.4937790726,18009.9677121349,6643.90337015537|37946.5992268825,3978105.89376936,3036061.54876438|5396651.92063007,0.000852367384720892,0.000314439572045537|0.00179591901879293,0.188273947572391,0.143689310471573|0.255410234896593,0.173054725458266,0.114041593349843|0.233012835451736,11.6492361323346,8.07322013028411|19.05713910371,8.52367384720892,3.14439572045537|17.9591901879293,1882.73947572391,1436.89310471573|2554.10234896593
5337.4439129577,2020-05-03,"Hospital beds needed|Mitigated",46301,4301,3636.57041047329|7027.64853924474,2020-19,16261.1534145294,11078.7829250268|22526.818719469,347.017896829729,228.314319506802|469.802206905021,24961.095156846,17396.2809676251|40592.1907428946,16813.2158099561,6084.56082681574|35968.0507341211,3994919.10957932,3050190.86711526|5403814.02431754,0.000795728066687435,0.000287967268016458|0.00170227919493127,0.189069675639079,0.144358016286215|0.255749199612508,0.164235018018828,0.108055540422329|0.2223458058539,11.8134711503534,8.23323103586323|19.2112834496088,7.95728066687435,2.87967268016458|17.0227919493127,1890.69675639079,1443.58016286215|2557.49199612508
5111.86565787052,2020-05-04,"Hospital beds needed|Mitigated",46301,4301,3461.43029938421|6714.23677495398,2020-19,15459.4750205039,10400.4470671372|21745.1507510815,329.414373673931,213.041030224549|453.552882152371,25290.50953052,17722.5198577181|40899.6895788184,15713.5782702917,5485.28466492425|34311.8199745758,4010632.68784961,3063526.45095685|5410486.02070949,0.000743684932085192,0.000259605004241113|0.0016238938750033,0.189813360571164,0.144989156602759|0.256064968758037,0.155903704362963,0.10082706902822|0.214655400926875,11.9693748547164,8.38763186210986|19.3568150700816,7.43684932085192,2.59605004241113|16.238938750033,1898.13360571164,1449.89156602759|2560.64968758037
4892.21992451323,2020-05-05,"Hospital beds needed|Mitigated",46301,4301,3290.11116215711|6459.82396459517,2020-19,14686.1414117138,9753.88090199152|20962.9127933691,312.40292199261,198.875446535087|433.73711649745,25602.9124525126,18031.0295763477|41185.2569706361,14686.5419281842,5008.57238511561|32789.1996310906,4025319.22977778,3075982.833055|5416647.17568685,0.000695077833231504,0.000237043386935656|0.00155183200677326,0.190508438404395,0.145578686467653|0.256356561038426,0.147852603543863,0.0941228473908337|0.205277087418768,12.1172274582602,8.53364190845329|19.4919670785781,6.95077833231504,2.37043386935656|15.5183200677326,1905.08438404395,1455.78686467653|2563.56561038426
4676.79249950684,2020-05-06,"Hospital beds needed|Mitigated",46301,4301,3099.53599536267|6240.33710058791,2020-19,13940.9663464251,9172.29687592376|20213.6476894244,296.099247236622,187.569490990094|418.033189968177,25899.0116997492,18328.4850420621|41458.1024149202,13733.4793993683,4488.01951493363|31363.5236457239,4039052.70917716,3087678.69047615|5422214.2796066,0.000649971732646162,0.000212406902536686|0.00148435827608536,0.191158410137042,0.146132222573963|0.256620038346348,0.14013647609976,0.0887720172762616|0.197844806029066,12.2573639343599,8.67442024933343|19.6210981028502,6.49971732646162,2.12406902536686|14.8435827608536,1911.58410137042,1461.32222573963|2566.20038346348
4469.1706765357,2020-05-07,"Hospital beds needed|Mitigated",46301,4301,2942.66821526738|6030.80536237478,2020-19,13229.3929246415,8636.30608699343|19479.2447417428,280.275174908807,173.520588299658|400.651668663187,26179.286874658,18617.7288689434|41709.3363520851,12834.5102542043,4044.99422240897|29610.3555911433,4051887.21943136,3098659.0949273|5427307.12325984,0.000607425738591333,0.00019143960731494|0.00140138515289357,0.191765835875633,0.146651898054497|0.25686107008471,0.132647332664702,0.0821230178800123|0.189618560377763,12.3900112670247,8.81131222393668|19.7400009334367,6.07425738591333,1.9143960731494|14.0138515289357,1917.65835875633,1466.51898054497|2568.6107008471
4266.84484057903,2020-05-08,"Hospital beds needed|Mitigated",46301,4301,2775.9725965158|5812.51965546271,2020-19,12544.9039045364,8093.79628397906|18775.8043099289,265.384697114837,161.204662356203|380.468138562258,26444.6715717729,18897.1528753299|41938.2816750986,12016.2035015675,3695.35863687437|28538.3314466401,4063903.42293293,3108850.0030633|5431908.2905071,0.000568697296775495,0.000174892216758171|0.00135064889222875,0.192334533172408,0.147134208620215|0.257078831990555,0.125600036513283,0.0762941936674259|0.180066193021228,12.515611303538,8.94355671951755|19.8483551122671,5.68697296775495,1.74892216758171|13.5064889222875,1923.34533172408,1471.34208620215|2570.78831990555
4071.82638594387,2020-05-09,"Hospital beds needed|Mitigated",46301,4301,2616.12335780833|5604.46585746471,2020-19,11890.6312062854,7607.7249339296|18034.3373181866,250.823399357043,151.213502508616|368.891864363956,26695.4949711298,19168.5100490314|42153.4105295031,11251.2879137115,3372.21283456244|26849.6768814729,4075154.71084664,3118429.28301939|5436135.63379933,0.000532495727201678,0.000159598522355012|0.00127072903349193,0.19286702889961,0.147587572331588|0.25727890172993,0.118708533160065,0.0715656239521798|0.174587427750278,12.634319836698,9.07198338200253|19.9501702970235,5.32495727201678,1.59598522355012|12.7072903349193,1928.6702889961,1475.87572331588|2572.7890172993
3883.40558799457,2020-05-10,"Hospital beds needed|Mitigated",46301,4301,2466.69760205648|5365.30627543924,2020-20,11266.1459336135,7099.7307494423|17300.0621218915,237.47834648928,141.24925488057|356.92262054305,26932.9733176191,19428.2718345984|42354.4066694725,10525.6916244707,3067.88539480877|25489.39160691,4085680.40247111,3127445.38728118|5439940.88969072,0.000498155043125569,0.000145195454672283|0.00120635008398541,0.193365183942735,0.148014282325344|0.257458995112894,0.11239264853791,0.0668497911271682|0.168922679642019,12.7467124852359,9.19492223306163|20.0452968163505,4.98155043125569,1.45195454672283|12.0635008398541,1933.65183942735,1480.14282325344|2574.58995112894
3701.89226101192,2020-05-11,"Hospital beds needed|Mitigated",46301,4301,2335.11303335473|5160.724186039,2020-20,10667.8101317926,6682.7682192631|16607.1109567669,224.342482936178,129.157997372771|337.336090345964,27157.3158005553,19669.0727026642|42536.8707726302,9857.03119452179,2759.68161920421|24526.7076392543,4095537.43366564,3135817.34384562|5443408.69613971,0.000466508992946485,0.00013060892956729|0.00116078862441263,0.193831692935683,0.148410506396142|0.257623117845421,0.106175768062737,0.0611272969480334|0.159652857626403,12.8528882532987,9.30888734917536|20.1316525793923,4.66508992946485,1.3060892956729|11.6078862441263,1938.31692935683,1484.10506396142|2576.23117845421
3525.67454648003,2020-05-12,"Hospital beds needed|Mitigated",46301,4301,2227.63838165726|4968.97735084623,2020-20,10098.332499589,6267.6424886034|15877.0772339226,211.935957160108,122.419880417148|328.370452571368,27369.2517577155,19905.6403705665|42704.8676709379,9240.76743692369,2535.18359429807|23535.6841122626,4104778.20110256,3143597.32459137|5446496.73778885,0.000437342748133718,0.000119983991342925|0.00111388592334174,0.194269035683816,0.148778713710415|0.257769267245934,0.100304065182283,0.0579383122595498|0.155409642233441,12.953192318481,9.42084899598249|20.2111613709352,4.37342748133718,1.19983991342925|11.1388592334174,1942.69035683816,1487.78713710415|2577.69267245934
3357.67122519971,2020-05-13,"Hospital beds needed|Mitigated",46301,4301,2092.42614521118|4759.17789512706,2020-20,9557.39743257532,5884.93922097428|15265.1544212154,200.251731402682,115.897094869125|312.584107847513,27569.5034891181,20125.5390846513|42863.26614763,8659.01029359434,2335.44114813656|22518.3099302498,4113437.21139615,3150864.69976097|5449356.63693658,0.00040980961632981,0.000110530673648317|0.00106573611071212,0.194678845300146,0.149122660666129|0.257904619224132,0.0947742090989574,0.0548512386192583|0.147938354343509,13.0479665275799,9.52492163776835|20.2861274660886,4.0980961632981,1.10530673648317|10.6573611071212,1946.78845300146,1491.22660666129|2579.04619224132
3195.61448901468,2020-05-14,"Hospital beds needed|Mitigated",46301,4301,1980.17773137846|4602.29235899078,2020-20,9041.00357651641,5493.92087931431|14711.7183321529,188.955282361461,106.458690016296|299.821053578346,27758.4587714797,20341.7715016293|43009.6730102975,8125.50679890381,2119.73044962231|21408.1500738535,4121562.71819505,3157789.48935235|5452085.96421791,0.000384560210790764,0.000100321617924968|0.0010131949807921,0.195063405510936,0.149450393890757|0.258033791557698,0.0894278781783248,0.0503842742199152|0.141897915314221,13.1373944057582,9.62725911149253|20.3554182258677,3.84560210790764,1.00321617924968|10.131949807921,1950.63405510936,1494.50393890757|2580.33791557698
3040.00730225205,2020-05-15,"Hospital beds needed|Mitigated",46301,4301,1864.82178876799|4443.25037187471,2020-20,8549.83910490341,5156.39888613551|14141.6270210502,178.356246070237,99.1909029877342|288.614857244348,27936.8150175498,20545.3186104288|43145.1077508952,7619.44481192265,1891.38981230658|20328.5372922478,4129182.16300698,3164368.32780117|5454492.48817135,0.000360609544179677,8.95148183257007e-05|0.00096209956863606,0.195424015055116,0.149761754100434|0.258147686405332,0.0844116155239362,0.0469446097400784|0.136594298775562,13.2218060212821,9.723592941496|20.4195161506884,3.60609544179677,0.895148183257007|9.6209956863606,1954.24015055116,1497.61754100434|2581.47686405332
2891.25876601304,2020-05-16,"Hospital beds needed|Mitigated",46301,4301,1752.13933561137|4284.31500077497,2020-20,8083.01327034258,4811.13534312401|13595.3912162083,168.235064418813,94.9868497859781|274.419314614233,28105.0500819686,20737.9655622284|43272.2386176737,7155.45746190186,1747.7383214009|19455.1213360029,4136337.62046887,3170513.29807594|5456762.92773245,0.000338650166439409,8.27161473024304e-05|0.000920762944034766,0.195762665221555,0.150052580398738|0.258255140714068,0.0796215096934319,0.0449549349721476|0.129875898309929,13.3014275309756,9.81476799583512|20.4796840566865,3.38650166439409,0.827161473024304|9.20762944034766,1957.62665221555,1500.52580398738|2582.55140714068
2747.89058304642,2020-05-17,"Hospital beds needed|Mitigated",46301,4301,1636.29604097436|4092.27678642082,2020-21,7638.32896871309,4474.50587861368|13117.8137204896,158.663406340863,88.7219070151503|268.452272644871,28263.7134883096,20886.175338169|43386.2363928143,6716.84823366372,1621.40749698576|18740.5888818452,4143054.46870254,3176214.72900592|5458848.65134727,0.000317891872656578,7.67372207359039e-05|0.000886945884005378,0.196080557094212,0.150322415072993|0.258353852872314,0.0750914798267775,0.0419898919635482|0.127051844408645,13.3765190108024,9.88491203003203|20.5336363940886,3.17891872656578,0.767372207359039|8.86945884005378,1960.80557094212,1503.22415072993|2583.53852872314
2609.98182598655,2020-05-18,"Hospital beds needed|Mitigated",46301,4301,1526.90016946538|3925.67237898356,2020-21,7215.77665544791,4144.70744521725|12582.3249343427,149.753121675392,80.4138391431758|256.369833019068,28413.4666099849,21027.4304323241|43492.7032360213,6311.42938559375,1442.82435951266|17970.4168989175,4149365.89808815,3181510.80102297|5460779.31977236,0.000298704397766597,6.8285320972606e-05|0.000850495542207649,0.196379261491979,0.150573065108941|0.258445226650578,0.0708744616961402,0.0380578881991289|0.121333523515735,13.4473934724985,9.95176458474392|20.5840245270127,2.98704397766597,0.68285320972606|8.50495542207649,1963.79261491979,1505.73065108941|2584.45226650578
2479.14769094834,2020-05-19,"Hospital beds needed|Mitigated",46301,4301,1428.92855219977|3771.3765043847,2020-21,6816.75727287047,3868.59055444696|12062.6361550008,141.248020800642,75.9421936716964|246.233929347947,28554.7146307856,21162.1245325751|43589.1987322369,5932.31288134998,1337.35905484257|16959.3623540737,4155298.21096948,3186536.93602962|5462560.96924397,0.000280761747985551,6.32939080307679e-05|0.000802644822429953,0.196660023239964,0.150810939691469|0.258529547729043,0.0668492070675532,0.0359415686049767|0.116536450116144,13.5142426795661,10.0155119827422|20.6296934671582,2.80761747985551,0.632939080307679|8.02644822429953,1966.60023239964,1508.10939691469|2585.29547729043
2354.30382762752,2020-05-20,"Hospital beds needed|Mitigated",46301,4301,1359.70739431495|3630.19451368739,2020-21,6438.77073185473,3619.76268931238|11579.6742893151,133.016636029606,69.9457654178529|236.530255200924,28687.7312668152,21290.6904898841|43680.5845023081,5581.6533255149,1224.69321341295|16383.1278183423,4160879.864295,3191196.28590406|5464260.25751327,0.000264165895438123,5.79617114304355e-05|0.000775373062032722,0.196924189135402,0.151031455237663|0.258609970854788,0.0629534955248879,0.0331036068994978|0.111943940297646,13.5771961750909,10.0763590817194|20.672944099853,2.64165895438123,0.579617114304355|7.75373062032722,1969.24189135402,1510.31455237663|2586.09970854788
2234.44052839377,2020-05-21,"Hospital beds needed|Mitigated",46301,4301,1292.22495258598|3525.14563555128,2020-21,6079.2990589529,3381.79501644159|11076.2293240333,125.499402954204,63.4839175511693|225.334377449151,28813.2306697694,21410.7751862504|43767.484308109,5246.26897168762,1095.54341888979|15849.1483094824,4166126.13326669,3195554.52139602|5465716.79903026,0.000248292980554691,5.18493699562872e-05|0.000750101127916215,0.197172482115957,0.151237719782256|0.258678905375017,0.0593957743788911,0.0300453735619232|0.106645207289644,13.6365919494699,10.1331922089203|20.7140716362191,2.48292980554691,0.518493699562872|7.50101127916215,1971.72482115957,1512.37719782256|2586.78905375017
2120.74249697477,2020-05-22,"Hospital beds needed|Mitigated",46301,4301,1216.78651516796|3386.17950369608,2020-21,5740.69523758416,3169.31101948626|10634.4774147759,118.225366663254,60.0008287772934|216.127753734196,28931.4560364326,21525.9948862684|43844.0962411254,4943.88930035893,1007.20478070227|15174.5247077175,4171070.02256704,3199726.13365508|5467045.49068998,0.000233982095951076,4.76685199289455e-05|0.000718172855511826,0.197406464211908,0.151435151909185|0.258741789076598,0.0559531522771847,0.0283969134889277|0.102287939190414,13.692545101747,10.1877228532515|20.7503301759496,2.33982095951076,0.476685199289455|7.18172855511826,1974.06464211908,1514.35151909185|2587.41789076598
2011.32490585088,2020-05-23,"Hospital beds needed|Mitigated",46301,4301,1151.00436235388|3238.21747483045,2020-21,5419.06790910193,2963.1824398253|10145.6329570725,111.393650887043,55.4834073900144|205.407239151718,29042.8496873196,21637.8411010332|43911.1879577161,4652.30845473999,947.532427535878|14716.9322638842,4175722.33102179,3203611.57511148|5468305.45803084,0.000220182293153681,4.48443745211609e-05|0.000696516132920624,0.197626646505062,0.151619040277316|0.258801420225545,0.0527198695737391,0.0262589292820138|0.0972141838547106,13.7452649713208,10.2406569101548|20.7820830318796,2.20182293153681,0.448443745211609|6.96516132920624,1976.26646505062,1516.19040277316|2588.01420225545
1907.72952191542,2020-05-24,"Hospital beds needed|Mitigated",46301,4301,1084.42036713572|3102.01480943428,2020-22,5115.3706130217,2790.28508983076|9753.43587203834,104.983354748369,51.7367427484758|198.743710767171,29147.833042068,21744.7031475268|43978.2969089959,4383.72466413427,866.371578161784|13939.3841278242,4180106.05568593,3207218.9502001|5469444.02109406,0.000207470884291866,4.10032315480888e-05|0.000659716695974298,0.197834117389354,0.151789768449578|0.258855305609241,0.0496860343984952,0.0244857252469046|0.094060500098619,13.7949510057193,10.2912320830543|20.8138440445633,2.07470884291866,0.410032315480888|6.59716695974298,1978.34117389354,1517.89768449578|2588.55305609241
1808.64228497116,2020-05-25,"Hospital beds needed|Mitigated",46301,4301,1024.00352509731|2982.63203709416,2020-22,4827.80244058683,2606.44624039078|9362.27173385605,98.8756463534016,48.5746381938877|191.010331963212,29246.7086884215,21839.7685494485|44040.147420781,4136.89531524999,787.575081521293|13502.2681491713,4184242.95100118,3210789.89661302|5470560.60458344,0.000195789059541059,3.727398756275e-05|0.000639029074014097,0.198029906448895,0.151958772542401|0.258908150753879,0.0467954065448162,0.0229891790939694|0.090400482506391,13.8417464122641,10.3362241948163|20.8431163674328,1.95789059541059,0.3727398756275|6.39029074014097,1980.29906448895,1519.58772542401|2589.08150753879
1715.27935559506,2020-05-26,"Hospital beds needed|Mitigated",46301,4301,961.304652001604|2883.3125118648,2020-22,4557.07911242837,2409.95327264008|8990.51214341017,92.9698482564907,45.8910126514246|183.85044464907,29339.6785366779,21930.8449377379|44096.0681354344,3904.37298798043,718.668445994866|13024.8189122357,4188147.32398915,3214067.21531937|5471483.69643201,0.000184784350862407,3.40128063295376e-05|0.000616432578344111,0.198214690799757,0.152113879959542|0.258951838416034,0.0440003378589563,0.0217190852649515|0.0870118843021095,13.885746750123,10.3793284047388|20.8695822634648,1.84784350862407,0.340128063295376|6.16432578344111,1982.14690799757,1521.13879959542|2589.51838416034
1625.47729255307,2020-05-27,"Hospital beds needed|Mitigated",46301,4301,889.85419803188|2774.2029156927,2020-22,4301.09844256131,2240.28845256692|8670.95077334124,87.6305718070602,41.9401378936268|171.890166751166,29427.309108485,22016.7142041333|44149.8435824864,3679.42104066033,660.957274218205|12797.7936398459,4191826.74502981,3217101.13889428|5472414.05328987,0.000174137929608919,3.12814788034307e-05|0.000605688031724959,0.198388828729366,0.152257468084981|0.258995869913173,0.0414733899064419,0.0198492336147484|0.0813513795442343,13.9272201400295,10.4199682122027|20.895032857213,1.74137929608919,0.312814788034307|6.05688031724959,1983.88828729366,1522.57468084981|2589.95869913173
1540.3158157136,2020-05-28,"Hospital beds needed|Mitigated",46301,4301,828.552248564061|2660.49095768793,2020-22,4060.04207459893,2083.97765736294|8321.22752948966,82.7520478404534,38.5275452790154|167.396461877111,29510.0611563255,22102.4257483948|44199.0565066577,3478.17722113405,589.323934070231|12171.6042140896,4195304.92225095,3219948.58873528|5473258.39137757,0.000164613555613219,2.78912493606755e-05|0.000576052029500919,0.198553442284979,0.152392230868174|0.259035830353921,0.0391645047484119,0.0182341376364951|0.0792246197785157,13.9663846447779,10.460533373668|20.9183241213289,1.64613555613219,0.278912493606755|5.76052029500919,1985.53442284979,1523.92230868174|2590.35830353921
1459.17138680052,2020-05-29,"Hospital beds needed|Mitigated",46301,4301,784.958234087798|2559.30517143148,2020-22,3830.93570973663,1958.45357577772|8027.14480096728,77.8499405285812,36.7404016545134|162.968944596251,29587.911096854,22181.2177274884|44245.4585134914,3282.67350376202,580.906400513419|11914.7629107532,4198587.59575471,3222664.25853774|5474083.8247169,0.000155360846505511,2.74928682431577e-05|0.000563896363621205,0.198708803131485,0.152520756826925|0.259074896079521,0.0368444581742993,0.0173883266046902|0.0771291849694072,14.0032291029522,10.4978236754777|20.9402850475464,1.55360846505511,0.274928682431577|5.63896363621205,1987.08803131485,1525.20756826925|2590.74896079521
1382.29650465751,2020-05-30,"Hospital beds needed|Mitigated",46301,4301,734.783558341179|2469.400163643,2020-22,3615.37485395951,1820.30566776031|7717.3775014363,73.4250857007776,33.3027942788137|153.630378456531,29661.3361825548,22254.5568677753|44287.1904714673,3103.81554061161,486.795698466289|11445.4690751566,4201691.41129533,3225170.06478602|5474806.87365154,0.000146895939920237,2.30388406590821e-05|0.000541685842996917,0.198855699071405,0.152639350460884|0.259109116203582,0.0347502834386038,0.0157613917565238|0.0727094717723682,14.0379793863908,10.5325332830702|20.9600357547369,1.46895939920237,0.230388406590821|5.41685842996917,1988.55699071405,1526.39350460884|2591.09116203582
1309.15297230551,2020-05-31,"Hospital beds needed|Mitigated",46301,4301,682.699780530742|2380.40447842776,2020-23,3410.90122782178,1695.50931129104|7408.06336278173,69.1930337832475,31.6770635436017|148.985024942205,29730.5292163381,22319.7256921549|44325.9188867147,2934.06783788727,469.558500674152|11111.9676482814,4204625.47913321,3227578.83138417|5475455.04714425,0.000138862199507919,2.22230465701177e-05|0.000525902042405496,0.198994561270913,0.152753351447365|0.259139792657513,0.0327473575685493,0.0149919734670621|0.0705109404427192,14.0707267439594,10.563376081508|20.9783649591788,1.38862199507919,0.222230465701177|5.25902042405496,1989.94561270913,1527.53351447365|2591.39792657513
1239.85815735529,2020-06-01,"Hospital beds needed|Mitigated",46301,4301,636.545025220667|2296.88975145212,2020-23,3218.45199153475,1580.79108065311|7171.08803797595,65.1753512207373,28.5584286374896|140.847506166954,29795.7045675588,22381.7229411066|44360.9005096648,2776.75057246091,404.196705803355|10888.3446308473,4207402.22970567,3229834.78503199|5476099.35059515,0.000131416761057046,1.91296339085755e-05|0.000515318516128249,0.19912597803197,0.152860120173527|0.259170285951904,0.0308458874309109,0.0135160004274043|0.0666596533624518,14.1015726313902,10.592717851462|20.9949208991693,1.31416761057046,0.191296339085755|5.15318516128249,1991.2597803197,1528.60120173527|2591.70285951904
1173.71476498188,2020-06-02,"Hospital beds needed|Mitigated",46301,4301,589.317440505021|2213.43081237925,2020-23,3036.7130177906,1464.14171082754|6911.88488595036,61.3659268943119,25.6042475816989|138.276864441745,29857.0704944531,22441.352941799|44393.932569858,2629.8179889096,379.108272411121|10476.2828213962,4210032.04769458,3231933.29799728|5476668.61671507,0.000124462804005389,1.79422601886951e-05|0.000495816646248243,0.199250440835975,0.152959437620211|0.259197227914355,0.0290429807837105,0.0121178593419987|0.065443031989558,14.130615612174,10.6209392611577|21.0105541591556,1.24462804005389,0.179422601886951|4.95816646248243,1992.50440835975,1529.59437620211|2591.97227914355
1111.213862949,2020-06-03,"Hospital beds needed|Mitigated",46301,4301,560.930999541646|2147.36377789107,2020-23,2865.37132366601,1369.48781645334|6619.28441425077,57.8638635477444,24.6827106629327|131.469768567834,29914.9343580009,22496.2267380754|44425.2173216707,2493.74691927384,349.229133675983|10161.0834466318,4212525.79461385,3233937.90641945|5477237.32793616,0.000118022895638232,1.65281541920351e-05|0.000480899036676263,0.199368463731614,0.153054310796304|0.259224143614812,0.0273855405131044,0.0116817186304064|0.0622214012790929,14.1580011526871,10.646909676524|21.0253604611493,1.18022895638232,0.165281541920351|4.80899036676263,1993.68463731614,1530.54310796304|2592.24143614812
1052.49252848125,2020-06-04,"Hospital beds needed|Mitigated",46301,4301,518.988050528834|2079.09103732745,2020-23,2704.65400478579,1263.90521245173|6342.01436250221,54.5342660830964,21.7097402897684|125.412526177563,29969.4686240839,22542.5888234275|44452.1862053548,2358.43128436875,337.524070347933|10070.4515273181,4214884.22589823,3235816.32169824|5477711.83480357,0.000111618740135044,1.59741823928408e-05|0.000476609651305203,0.199480082471749,0.153143211561935|0.259246600855384,0.0258097240938429,0.0102746850241666|0.059354657741659,14.1838108767809,10.6688517088882|21.0381241691259,1.11618740135044,0.159741823928408|4.76609651305203,1994.80082471749,1531.43211561935|2592.46600855384
996.831621866718,2020-06-05,"Hospital beds needed|Mitigated",46301,4301,484.758264600837|2017.04605863467,2020-23,2552.85173908381,1170.01524765618|6158.83554093739,51.4659009630157,20.1479648602386|121.826621385288,30020.9345250469,22584.6537989842|44478.0473694156,2238.71981399416,289.797020606089|9654.92511782213,4217122.94571222,3237602.66605786|5478158.66291254,0.000105953091281297,1.37153787559254e-05|0.000456943810443875,0.19958603556303,0.153227754837879|0.259267748128536,0.0243575425049721,0.00953553520465152|0.0576575373811431,14.2081684192859,10.6887600250922|21.0503636207056,1.05953091281297,0.137153787559254|4.56943810443875,1995.8603556303,1532.27754837879|2592.67748128536
943.464030566085,2020-06-06,"Hospital beds needed|Mitigated",46301,4301,453.93961811756|1945.79653842069,2020-23,2409.13787191212,1091.89107207241|5960.0681770499,48.4380162005614,18.8313886636826|117.233451804174,30069.3725412475,22623.1440885457|44502.1120617086,2125.12458810985,273.50303593933|9364.98156084149,4219248.07030033,3239264.61580338|5478600.17228962,0.000100576909205271,1.29442246195563e-05|0.000443221496482493,0.199686612472235,0.153306410823318|0.259288643679215,0.0229245192716931,0.0089124321389597|0.0554837034209656,14.2310929385576,10.7069765305158|21.0617528464731,1.00576909205271,0.129442246195563|4.43221496482493,1996.86612472235,1533.06410823318|2592.88643679216
893.293352755268,2020-06-07,"Hospital beds needed|Mitigated",46301,4301,425.982765453821|1889.78185498922,2020-24,2274.23389462937,1024.78196584012|5745.60442699622,45.6848931587207,17.2973562999229|114.440054562266,30115.0574344062,22661.0206831744|44524.1889202834,2016.0379815896,259.458326618617|9187.47810844009,4221264.10828191,3240854.33942104|5478999.94814651,9.54141089718707e-05,1.22795231417854e-05|0.000434820695552664,0.199782026581207,0.153381648524133|0.25930756408524,0.0216215339890446,0.00818641242872219|0.0541616573520173,14.2527144725466,10.7249025892527|21.0722012795336,0.954141089718707,0.122795231417854|4.34820695552664,1997.82026581207,1533.81648524133|2593.0756408524
845.634534797861,2020-06-08,"Hospital beds needed|Mitigated",46301,4301,398.20420243832|1817.22245252632,2020-24,2146.73789531851,937.785206208306|5537.44732659798,43.0730166431399,16.1275694128423|111.018914706668,30158.1304510493,22695.1731733721|44544.004725626,1914.21597415128,242.073748063578|9020.9806801452,4223178.32425606,3242347.59030072|5479383.69327158,9.05951243087969e-05,1.14567538845452e-05|0.000426940782618514,0.199872621705516,0.153452320408025|0.259325725796238,0.0203853972061344,0.00763278112545792|0.0525425161752593,14.2730998697527,10.7410661211462|21.0815796118249,0.905951243087969,0.114567538845452|4.26940782618514,1998.72621705516,1534.52320408025|2593.25725796238
800.853765230053,2020-06-09,"Hospital beds needed|Mitigated",46301,4301,375.145372890037|1759.34867149706,2020-24,2027.25496337978,870.261403922525|5292.04604171686,40.6920759537549,14.5382685255856|104.417202422361,30198.8225270031,22728.8619599713|44562.7273599476,1821.57653063578,215.134445610792|8758.4885460425,4224999.90078671,3243729.42577603|5479718.71785138,8.62107277649819e-05,1.01817830936529e-05|0.000414517676845583,0.199958832433281,0.15351771927542|0.259341581683903,0.0192585566581532,0.006880604185189|0.0494180884559007,14.2923584264109,10.7570101935548|21.0904405732141,0.862107277649819,0.101817830936529|4.14517676845583,1999.58832433281,1535.1771927542|2593.41581683903
758.269906312629,2020-06-10,"Hospital beds needed|Mitigated",46301,4301,351.933676754078|1662.47891370386,2020-24,1915.10582374065,812.769364145054|5037.19699525234,38.3169334889833,13.8908370691386|104.512102499521,30237.1394604921,22761.0499942398|44579.7362202221,1727.60454370889,204.317213418796|8650.50781541004,4226727.50533042,3245049.7938128|5480046.7422739,8.17632652256719e-05,9.66983015399284e-06|0.000409407214992426,0.200040595698507,0.153580209040441|0.259357106271377,0.0181344602669793,0.00657419083335053|0.0494630023235273,14.3104928866779,10.7722439968727|21.0984904475842,0.817632652256719,0.0966983015399284|4.09407214992426,2000.40595698507,1535.80209040441|2593.57106271377
717.846761891777,2020-06-11,"Hospital beds needed|Mitigated",46301,4301,318.532972935301|1577.43816994309,2020-24,1808.8512097049,747.105895352049|4864.34169740809,36.1399346160684,12.077338812286|96.7360387982049,30273.2793951082,22790.8530185678|44596.0614126696,1646.37446169712,183.399106892281|8464.72931674143,4228373.87979211,3246323.59922176|5480355.64162524,7.79188456424883e-05,8.67982772654234e-06|0.000400614776517324,0.200118514544149,0.153640495111046|0.259371725716367,0.0171041403544141,0.00571590680358639|0.0457827830213863,14.3275970270323,10.7863490337663|21.1062167588214,0.779188456424883,0.0867982772654234|4.00614776517324,2001.18514544149,1536.40495111046|2593.71725716367
679.177648708645,2020-06-12,"Hospital beds needed|Mitigated",46301,4301,302.468503751982|1516.94558959733,2020-24,1708.88512544728,695.070294933263|4727.83320336519,34.1728091329629,11.2704851816955|92.8000190333209,30307.4522042411,22817.9206811641|44610.1014999291,1565.20177511786,175.900952841671|8230.66502557459,4229939.08156723,3247468.29126122|5480661.45344735,7.40771424436694e-05,8.32495857516419e-06|0.000389537090487715,0.200192591686593,0.153694670564083|0.259386199036209,0.0161731483447379,0.00533404286582064|0.0439199618732154,14.343770175377,10.7991594913676|21.1128615860914,0.740771424436694,0.0832495857516419|3.89537090487715,2001.92591686593,1536.94670564083|2593.86199036209
642.461424672957,2020-06-13,"Hospital beds needed|Mitigated",46301,4301,279.020105462685|1452.9921973515,2020-24,1614.1289307715,636.035156021813|4573.9782083136,32.2199685774218,10.1470831244224|92.2904371906013,30339.6721728185,22843.4699235711|44622.3948709833,1490.79554830464,171.608308300084|8016.85158078703,4231429.87711553,3248570.27911497|5480937.46651164,7.05556791090626e-05,8.1217982885978e-06|0.000379417827107307,0.200263147365702,0.153746824933258|0.259399262054284,0.0152489170392137,0.00480236435931075|0.0436787893461334,14.3590190924162,10.811251318116|21.1186797356308,0.705556791090626,0.081217982885978|3.79417827107307,2002.63147365702,1537.46824933258|2593.99262054284
608.180620209706,2020-06-14,"Hospital beds needed|Mitigated",46301,4301,261.146804681571|1403.77732353979,2020-25,1525.26863624677,592.832101049922|4435.48952106266,30.4239631801748,9.63865354536591|88.2391278659194,30370.0961359987,22866.4208425911|44635.142020767,1421.53242635383,154.669793399546|7908.08803060824,4232851.40954189,3249602.28799851|5481178.64502877,6.72776262519755e-05,7.32014012476335e-06|0.000374270316334348,0.200330424991954,0.153795667370243|0.259410676439095,0.0143989119487745,0.00456173717022194|0.0417614044907192,14.373418004365,10.8221134224434|21.1247126474591,0.672776262519755,0.0732014012476335|3.74270316334348,2003.30424991954,1537.95667370243|2594.10676439095
575.735216928827,2020-06-15,"Hospital beds needed|Mitigated",46301,4301,238.295733886494|1383.64371021113,2020-25,1441.76895978307,546.268647505654|4335.35753496249,28.7290453810906,8.79467542764476|85.7773277355363,30398.8251813798,22890.6630556771|44647.3027959624,1354.41503759824,126.255155250606|7699.0007072876,4234205.82457949,3250630.2759321|5481446.9391225,6.41011256586762e-05,5.97534533146213e-06|0.000364374728635042,0.200394526117613,0.153844319505576|0.259423374137317,0.0135967491271561,0.00416230312766176|0.0405962951621632,14.3870147534922,10.833586664427|21.1304680426465,0.641011256586762,0.0597534533146213|3.64374728635042,2003.94526117613,1538.44319505576|2594.23374137317
545.208240253609,2020-06-16,"Hospital beds needed|Mitigated",46301,4301,223.529949574586|1354.16384776135,2020-25,1362.79451372987,499.90079711051|4149.34105666531,27.1203930879448,7.96801710739079|84.8843404505817,30425.9455744678,22912.2278279476|44658.8900392973,1289.56834282874,117.889265024027|7502.22696567989,4235495.39292231,3251565.94434872|5481645.44872572,6.10320914154202e-05,5.57940836548489e-06|0.000355061912410341,0.200455558209028,0.1538886023857|0.259432769107594,0.0128354136434117,0.00377106611838168|0.040173666288624,14.3998501671356,10.8437927396605|21.1359519993395,0.610320914154202,0.0557940836548489|3.55061912410341,2004.55558209028,1538.886023857|2594.32769107594
516.317029547921,2020-06-17,"Hospital beds needed|Mitigated",46301,4301,204.643813002583|1312.25435313627,2020-25,1288.53896384502,469.302180325967|4022.34463467054,25.5843893482345,7.08729545704099|80.5463030377675,30451.529963816,22932.5282759808|44669.3147024129,1231.70160001496,118.527624998564|7298.51191559415,4236727.09452233,3252463.77299411|5481873.23970999,5.82934010955445e-05,5.60962036978733e-06|0.000345420581162819,0.200513851610124,0.153931094402712|0.259443549893469,0.012108460929523,0.00335424226740392|0.038120580095754,14.4119586280651,10.8534004413929|21.1408857354674,0.582934010955445,0.0560962036978733|3.45420581162819,2005.13851610124,1539.31094402712|2594.43549893469
488.578198343981,2020-06-18,"Hospital beds needed|Mitigated",46301,4301,192.86041776087|1265.09948105317,2020-25,1217.64581800942,432.405766841628|3878.48608159447,24.3356540736922,6.33135423797477|79.1824930951558,30475.8656178897,22951.7848837464|44678.4266540487,1173.50543971391,108.578201887351|7246.34167987665,4237900.59996204,3253286.03942116|5482037.04914079,5.55391202578736e-05,5.13873869513159e-06|0.000342951492484285,0.200569390730381,0.153970010246159|0.259451302590106,0.0115174653002232,0.00299647391923301|0.0374751224621698,14.4234760933653,10.8625141192529|21.1451981976048,0.555391202578736,0.0513873869513159|3.42951492484285,2005.69390730381,1539.70010246159|2594.51302590106
462.352250290937,2020-06-19,"Hospital beds needed|Mitigated",46301,4301,178.183134409079|1233.80956772015,2020-25,1151.5672676186,402.88931975402|3733.98080705769,22.9252855867777,6.15899732422804|79.5049054994303,30498.7909034765,22969.5460031687|44686.5951233837,1124.04624295003,96.051919049212|7193.94658056255,4239024.64620499,3254071.93509113|5482208.39323559,5.31983383714289e-05,4.54590060049e-06|0.000340471761565919,0.200622589068753,0.154007204751312|0.259459411883821,0.0108499726550953,0.00291490163983915|0.0376277123069855,14.4343260660204,10.8709200193376|21.1490641328222,0.531983383714289,0.0454590060049|3.40471761565919,2006.22589068753,1540.07204751312|2594.59411883821
437.62012248512,2020-06-20,"Hospital beds needed|Mitigated",46301,4301,162.203809199363|1193.21988086122,2020-25,1089.10417441243,369.894935368479|3623.54967368756,21.7032666453907,5.94931114472564|74.7991661285859,30520.4941701218,22986.4844155465|44694.7100859612,1071.4755034234,85.1003546748473|6956.90832356522,4240096.12170842,3254781.34620294|5482367.35755525,5.0710294834684e-05,4.02759004971149e-06|0.000329253325063144,0.200673299363588,0.15404077943083|0.25946693527329,0.0102716212078311,0.00281566233897458|0.0354006018397067,14.4445976872282,10.8789365524544|21.15290474461,0.50710294834684,0.0402759004971149|3.29253325063144,2006.73299363588,1540.4077943083|2594.6693527329
414.276416788851,2020-06-21,"Hospital beds needed|Mitigated",46301,4301,153.048544024606|1147.90244070613,2020-26,1030.4148212506,334.855781651606|3520.44006548066,20.5083846244372,5.30070636946201|71.1576570920842,30541.0025547463,23001.3367757616|44702.5098798891,1025.07937680496,85.1870956904057|6849.97872033145,4241121.20108523,3255463.82885599|5482521.91899684,4.85144805090264e-05,4.03169528819727e-06|0.000324192610479175,0.200721813844097,0.154073079652762|0.25947425028539,0.00970611299619563,0.00250869368425765|0.0336771653608123,14.4543038002245,10.8859658084952|21.1565961948435,0.485144805090264,0.0403169528819727|3.24192610479175,2007.21813844097,1540.73079652762|2594.74250285391
392.013097641331,2020-06-22,"Hospital beds needed|Mitigated",46301,4301,139.739102172814|1136.32726711341,2020-26,975.132119626336,300.60008670838|3430.58964680387,19.4165993160589,4.424903177816|67.4381527893049,30560.4191540623,23017.0065946139|44709.8130036724,979.39830918119,78.3187405971558|6766.20363319593,4242100.5993944,3256126.97184862|5482661.12154854,4.63525081632628e-05,3.706632969278e-06|0.000320227742075866,0.20076816635226,0.154104464576231|0.259480838399086,0.00918939791771603,0.0020941976185648|0.0319168156446482,14.4634931981422,10.893381947562|21.1600525833385,0.463525081632628,0.03706632969278|3.20227742075866,2007.6816635226,1541.04464576231|2594.80838399086
370.939003833502,2020-06-23,"Hospital beds needed|Mitigated",46301,4301,133.657258253972|1089.59984127952,2020-26,922.781724118877,283.986984248209|3320.22912304835,18.3516870377426,4.59992007642838|67.308560435846,30578.7708411001,23030.7897496522|44715.7753717112,938.608261332874,75.5485893594154|6728.69554346012,4243039.20765573,3256759.64655324|5482805.83599287,4.4422015729138e-05,3.57552853846865e-06|0.000318452576630541,0.200812588367989,0.15413440751072|0.259487687377075,0.00868540118205613,0.00217702880323798|0.0318554827776697,14.4721785993242,10.8999051751441|21.1628744251836,0.44422015729138,0.0357552853846865|3.18452576630541,2008.12588367989,1541.3440751072|2594.87687377075
351.179689730801,2020-06-24,"Hospital beds needed|Mitigated",46301,4301,124.252310121455|1052.06334883842,2020-26,874.130000410425,263.35238747183|3229.14878498639,17.3527304846395,4.06607618023331|67.300904236794,30596.1235715848,23043.4239567074|44721.6660955045,898.015630346555,65.4546203189412|6395.70335615296,4243937.22328608,3257324.75931564|5482920.20933953,4.25008665485408e-05,3.09780586122668e-06|0.00030269287709281,0.200855089234537,0.154161152904996|0.25949310038569,0.00821261966560477,0.00192437364420491|0.0318518592873519,14.4803912189898,10.9058846339626|21.1656623595731,0.425008665485408,0.0309780586122668|3.0269287709281,2008.55089234537,1541.61152904997|2594.9310038569
332.617924499851,2020-06-25,"Hospital beds needed|Mitigated",46301,4301,113.282177108857|1026.97677338279,2020-26,827.981350715057,241.786195784067|3139.34327224684,16.462743454075,3.33677382752762|66.2268605598183,30612.5863150388,23055.9084954198|44727.6394594679,858.792548262674,60.4400993802352|6300.70093539276,4244796.01583435,3257901.40452504|5483022.14013839,4.06445347421265e-05,2.86048094391031e-06|0.000298196646659761,0.20089573376928,0.154188444101566|0.259497924519182,0.00779141073852456,0.00157921281494496|0.0313435408857576,14.4881826297284,10.9117932584431|21.1684894055184,0.406445347421265,0.0286048094391031|2.98196646659761,2008.9573376928,1541.88444101566|2594.97924519182
315.365522770587,2020-06-26,"Hospital beds needed|Mitigated",46301,4301,105.225690464511|999.901389438016,2020-26,785.03210656154,221.051159801857|3059.69866170275,15.6157495469184,3.3047515130982|63.3458899452018,30628.2020645858,23068.8360413949|44731.9171610602,822.981686047232,50.9997908198187|6212.34226708,4245618.99752039,3258409.33513686|5483141.08840908,3.89496948923799e-05,2.41369440618771e-06|0.000294014848655957,0.200934683464172,0.154212483205585|0.259503554047676,0.00739054939715126,0.00156405744274264|0.0299800484978263,14.4955731791255,10.9179115473427|21.1705139362544,0.389496948923799,0.0241369440618771|2.94014848655957,2009.34683464172,1542.12483205585|2595.03554047676
298.763269960442,2020-06-27,"Hospital beds needed|Mitigated",46301,4301,96.1865548764031|988.09590303295,2020-26,744.129962052017,206.308579562476|2993.71796849948,14.777789645657,3.25389452988153|59.6599218743328,30642.9798542314,23079.9309718326|44736.8581334873,789.552297082006,50.384428913712|6184.1286369442,4246408.54981747,3258915.46078358|5483242.06846711,3.7367564302223e-05,2.38457084378334e-06|0.000292679567076517,0.200972051028474,0.154236436885055|0.259508333184949,0.00699396362811743,0.00153998808599971|0.0282355706536964,14.5025671427536,10.923162504475|21.1728523767297,0.37367564302223,0.0238457084378334|2.92679567076517,2009.72051028474,1542.36436885055|2595.08333184949
283.317626518749,2020-06-28,"Hospital beds needed|Mitigated",46301,4301,91.3735389525017|955.069242394147,2020-27,705.992532122418,191.154176312957|2898.32575624499,13.9994761891299,2.99249613096877|58.7186067478667,30656.9793304206,23091.0042504303|44741.0980443717,758.901347574297,41.9199338729863|6095.56806074861,4247167.45116505,3259402.38249798|5483350.87600897,3.59169304038904e-05,1.98396715497245e-06|0.000288488213270238,0.201007967958878,0.154259481689738|0.25951348277774,0.0066256070513391,0.00141627466617977|0.0277900694038505,14.509192749805,10.9284032143249|21.1748590220551,0.359169304038904,0.0198396715497245|2.88488213270238,2010.07967958878,1542.59481689738|2595.1348277774
268.616538783436,2020-06-29,"Hospital beds needed|Mitigated",46301,4301,85.3188304196343|931.55092218874,2020-27,669.429989435239,176.828625564162|2862.43603390508,13.2820181421012,2.75778838829542|59.1857355266219,30670.2613485626,23101.5235170334|44744.748589696,727.296925435249,43.1763526096344|5976.53791403178,4247894.74809047,3259861.57405425|5483425.8311543,3.44211709958308e-05,2.04343035722736e-06|0.000282854809786033,0.201042389129873,0.154281214094379|0.259517030220035,0.0062860518400431,0.00130519327614406|0.02801114994205,14.515478801645,10.9333817239519|21.1765867351863,0.344211709958308,0.0204343035722736|2.82854809786033,2010.42389129873,1542.81214094379|2595.17030220035
254.661231437197,2020-06-30,"Hospital beds needed|Mitigated",46301,4301,82.5949824178696|895.53264570078,2020-27,634.704655805495,162.073582577272|2799.46406732052,12.6287123741224,2.45318161133573|56.7802136811706,30682.8900609368,23109.827357502|44748.5248174014,695.866709072467,36.4758237093687|5842.81329573574,4248590.61479955,3260320.36401617|5483506.74402398,3.2933656317817e-05,1.72631083840013e-06|0.000276525953177756,0.201075322786191,0.15430292749255|0.25952085962674,0.00597685832133401,0.00116103039590166|0.026872675738726,14.5214556599664,10.9373117269904|21.1783739306909,0.32933656317817,0.0172631083840013|2.76525953177756,2010.75322786191,1543.0292749255|2595.2085962674
241.710229836419,2020-07-01,"Hospital beds needed|Mitigated",46301,4301,76.6110182211551|871.094453972262,2020-27,602.647560708114,151.647222488814|2728.88635651088,11.9402748349027,1.8616872834703|54.6274312531808,30694.8303357716,23118.2223179027|44751.9606446768,669.320207234992,36.329976045466|5727.25350629924,4249259.93500679,3260743.74342918|5483577.39236366,3.16772758119568e-05,1.71940822792156e-06|0.000271056793150639,0.201107000062003,0.154322964996714|0.259524203238538,0.00565103780114896,0.000881090708402836|0.0258538168727091,14.5271066977675,10.9412848548472|21.1800000230615,0.316772758119568,0.0171940822792156|2.71056793150639,2011.07000062003,1543.22964996714|2595.24203238538
229.118271819826,2020-07-02,"Hospital beds needed|Mitigated",46301,4301,70.4806975850612|837.182841879822,2020-27,571.806864845478,140.017743652827|2649.10020052349,11.41051267151,1.88535311622725|53.868989026222,30706.2408484432,23126.4749947796|44754.760425305,643.177190308614,36.7576138513095|5646.21314698771,4249903.1121971,3261135.15550982|5483641.42800359,3.04399912525161e-05,1.73964727132246e-06|0.000267221352675269,0.201137440053256,0.154341489565822|0.259527233887555,0.00540031442565348,0.00089229116378216|0.0254948648591421,14.5325070121932,10.9451906434188|21.1813250902298,0.304399912525161,0.0173964727132246|2.67221352675269,2011.37440053256,1543.41489565822|2595.27233887555
217.539189924861,2020-07-03,"Hospital beds needed|Mitigated",46301,4301,67.2753013937284|807.333566943109,2020-27,543.341924984544,129.886465712368|2570.22761178321,10.8156916374511,1.6697275340974|54.1498075243264,30717.0565400806,23133.9174996607|44757.532447493,617.443290534234,32.294411162389|5569.56133943769,4250520.55548763,3261505.95178052|5483713.57417419,2.92220691995754e-05,1.5284148879978e-06|0.000263593611538815,0.201166662122456,0.154359038439455|0.259530648387999,0.00511880029010281,0.00079024089003564|0.0256277693332846,14.5376258124833,10.9487129975522|21.1826370200126,0.292220691995754,0.015284148879978|2.63593611538815,2011.66662122456,1543.59038439455|2595.30648387999
206.727808650001,2020-07-04,"Hospital beds needed|Mitigated",46301,4301,62.028986325971|788.954141718009,2020-27,516.544716049477,117.107150910381|2493.47181297829,10.2964283834722,1.76011134978669|51.988927084571,30727.3529684641,23140.5777065484|44760.7404146818,593.691310278148,31.9084303803529|5512.56413576763,4251114.24679791,3261868.80919856|5483779.21723564,2.80979465128267e-05,1.51014736886644e-06|0.000260896074363558,0.201194760068968,0.154376211586758|0.259533755112314,0.00487304578967833,0.00083301732241551|0.0246050778778814,14.5424988582729,10.9518651093257|21.18415527182,0.280979465128267,0.0151014736886644|2.60896074363558,2011.94760068968,1543.76211586758|2595.33755112314
196.203851175299,2020-07-05,"Hospital beds needed|Mitigated",46301,4301,58.3901220940954|774.649002357384,2020-28,491.062054842515,112.328071355875|2458.5302540203,9.78036785124362,1.53220222155657|50.7593009492863,30737.1333363153,23148.1488743987|44763.1070170908,571.474915387386,28.812610196856|5400.13992143066,4251685.72171329,3262237.02854397|5483844.49238591,2.70464992968384e-05,1.3636298294932e-06|0.00025557531337801,0.201221806568265,0.154393638500869|0.259536844424301,0.00462880705852448,0.000725153549038151|0.0240231261332311,14.5471276653315,10.9554483564713|21.1852753264132,0.270464992968384,0.013636298294932|2.5557531337801,2012.21806568265,1543.93638500869|2595.36844424301
186.358743801642,2020-07-06,"Hospital beds needed|Mitigated",46301,4301,53.3266620540796|752.384118989762,2020-28,467.046060186971,103.271736768102|2391.93657313243,9.31026174764062,1.42482667943353|48.7806577164092,30746.4435980629,23153.5351299607|44765.2051921647,548.579946248329,19.1467199905083|5322.55530555681,4252234.30165955,3262537.19304851|5483901.43326728,2.5962936834082e-05,9.06167068433805e-07|0.000251903424722574,0.2012477695051,0.154407844547087|0.25953953929588,0.00440631742585322,0.000674335351312711|0.0230866830564527,14.5515339827573,10.95799753848|21.1862683409644,0.25962936834082,0.00906167068433805|2.51903424722574,2012.477695051,1544.07844547087|2595.3953929588
176.902862400366,2020-07-07,"Hospital beds needed|Mitigated",46301,4301,48.4295727625765|714.907150800943,2020-28,444.060015880853,94.6048091358812|2325.20437591222,8.85160382990841,1.17715785041405|48.4612032123,30755.2952018929,23160.0840611276|44767.0394411151,528.92227835869,20.3567226565969|5305.60732711889,4252763.2239379,3262834.24782399|5483941.5384033,2.50325878608568e-05,9.63433512465479e-07|0.000251101318672838,0.20127280209296,0.154421903417494|0.259541437373126,0.00418924593740434,0.00055711979854635|0.0229354931128853,14.5557232286947,10.9610969861973|21.187136445786,0.250325878608568,0.00963433512465479|2.51101318672838,2012.7280209296,1544.21903417494|2595.41437373126
168.233919765312,2020-07-08,"Hospital beds needed|Mitigated",46301,4301,44.943005057388|703.261930420421,2020-28,422.878467580728,86.7875642683484|2277.57919331931,8.42190838860331,1.03204830040581|49.5381609270376,30763.7171102815,23166.8074697466|44768.7365187763,509.002980364408,19.0012339989475|5223.15024022915,4253272.22691828,3263119.72208566|5484000.61803159,2.40898565795885e-05,8.99281575015809e-07|0.000247198827972838,0.20129689194954,0.154435414210723|0.259544233466326,0.00398588167524359,0.000488443024875508|0.0234451906567335,14.55970911037,10.9642790097926|21.1879396308171,0.240898565795885,0.00899281575015809|2.47198827972838,2012.9689194954,1544.35414210723|2595.44233466326
159.892063975116,2020-07-09,"Hospital beds needed|Mitigated",46301,4301,40.7910722936641|691.53858751966,2020-28,402.610497220078,78.982831440628|2228.78182073793,8.03749790534092,1.06844230805184|49.1899729212081,30771.7546081868,23173.539753925|44770.4112804333,489.923304666201,19.3432412292663|5094.76796300045,4253762.15022294,3263376.36857576|5484046.21617633,2.3186862552273e-05,9.15467934320944e-07|0.000241122811200626,0.201320078812092,0.154447560656573|0.259546391514136,0.00380394966763822,0.000505667411733159|0.0232804018549634,14.5635130600376,10.9674652339714|21.1887322542334,0.23186862552273,0.00915467934320944|2.41122811200626,2013.20078812092,1544.47560656573|2595.46391514136
152.033001604463,2020-07-10,"Hospital beds needed|Mitigated",46301,4301,39.5303060511387|671.498883056316,2020-28,383.224968184003,73.4344812837595|2179.94979348455,7.67260139628847,0.950752637040233|45.1767279954259,30779.4272095831,23178.6485846362|44772.1902861958,472.960126067517,16.6588469346687|5054.43718231083,4254235.11034901,3263658.84800474|5484087.70297828,2.2384037116391e-05,7.88422168275279e-07|0.000239214054749219,0.201342462849209,0.154460929711752|0.259548354982225,0.00363125314308796,0.000449967791005223|0.021381031941419,14.5671443131807,10.9698831176355|21.1895742138157,0.22384037116391,0.00788422168275279|2.39214054749219,2013.42462849209,1544.60929711752|2595.48354982225
144.348690401357,2020-07-11,"Hospital beds needed|Mitigated",46301,4301,35.3326908033191|667.884230826466,2020-28,364.867816968163,68.6840969200742|2148.01342581943,7.31627521398522,0.799681136557073|46.7427609299733,30786.7434847971,23184.0106634062|44773.9039924961,456.307404941958,16.3909446321952|4967.59741355308,4254691.41775395,3263878.33001661|5484133.91803785,2.15959048675634e-05,7.75743012567178e-07|0.000235104142517898,0.201364058754076,0.154471317254442|0.259550542227093,0.00346261274296511,0.000378469373111931|0.0221221967331291,14.5706069259237,10.9724208573644|21.1903852687719,0.215959048675634,0.00775743012567178|2.35104142517898,2013.64058754076,1544.71317254442|2595.50542227093
137.306394790066,2020-07-12,"Hospital beds needed|Mitigated",46301,4301,32.2484555049213|669.835882744768,2020-29,347.431260907764,60.0177469888521|2115.48558853126,6.95942183793686,0.800003700963423|44.9413595061567,30793.7029066351,23189.0645338626|44775.3203090424,438.752318241006,14.579627535525|4946.14579740037,4255130.17007219,3264104.23417254|5484170.97248314,2.07650658800089e-05,6.9001783852654e-07|0.000234088890394719,0.201384823819956,0.154482008741382|0.259552295922665,0.00329372283503584,0.000378622034895583|0.0212696378363042,14.5739006487587,10.9748127296944|21.191055576487,0.207650658800089,0.0069001783852654|2.34088890394719,2013.84823819956,1544.82008741382|2595.52295922665
130.538278196336,2020-07-13,"Hospital beds needed|Mitigated",46301,4301,30.7831361643995|647.407797130122,2020-29,331.10970616648,52.4167842975591|2059.44104163996,6.63935698479122,0.664603653349497|42.8855365400846,30800.3422636198,23193.399381827|44776.6992048966,423.955863775384,15.1023197636781|4856.40726411758,4255554.12593596,3264309.73671563|5484205.31321833,2.00647861572692e-05,7.14755573465657e-07|0.000229841786782679,0.201404888606114,0.154491734670268|0.259553921185025,0.00314224402831205,0.000314540529409038|0.0202966674939646,14.577042892787,10.9768643064|21.1917081739107,0.200647861572692,0.00714755573465657|2.29841786782679,2014.04888606114,1544.91734670268|2595.53921185025
124.337466243107,2020-07-14,"Hospital beds needed|Mitigated",46301,4301,26.8933940042669|631.941338126745,2020-29,315.944501053119,46.7812680619191|2012.70361494262,6.35347488073938,0.680965967982601|43.2767178921223,30806.6957385005,23197.8012514697|44778.0422056002,409.344881671276,14.5522993229265|4805.22472506933,4255963.47081763,3264532.50845432|5484230.50557395,1.93732843842876e-05,6.88724461576954e-07|0.000227419443353238,0.201424261890497,0.15450227790762|0.259555113477128,0.00300694307427148,0.000322284409661751|0.0204818039868876,14.5800498358613,10.9789476028141|21.1923437830443,0.193732843842876,0.00688724461576954|2.27419443353238,2014.24261890497,1545.0227790762|2595.55113477128
118.351643441744,2020-07-15,"Hospital beds needed|Mitigated",46301,4301,26.5683329746481|617.329909127941,2020-29,301.456826946799,42.4675078479353|1944.6032688664,6.04422236151739,0.694652690527646|42.3152795516486,30812.7399608621,23202.2989721294|44779.2368350506,394.957940323389,12.101025402681|4760.94470050225,4256358.42875796,3264728.64650221|5484254.81812327,1.86923859081306e-05,5.7271170830442e-07|0.000225323778922358,0.201442954276406,0.154511560638028|0.259556264130168,0.0028605814787146,0.000328761998121424|0.0200267789158055,14.58291041734,10.9810762631522|21.1929091717205,0.186923859081306,0.0057271170830442|2.25323778922358,2014.42954276406,1545.11560638028|2595.56264130168
112.658757115062,2020-07-16,"Hospital beds needed|Mitigated",46301,4301,23.9746242446086|618.450690438575,2020-29,287.801594884522,41.993437000265|1923.29560270486,5.77172177647632,0.49578568886135|39.8431420660425,30818.5116826386,23206.0168137927|44780.5016684709,380.845273436845,8.84615406983069|4590.20280273838,4256739.27403139,3264906.73884103|5484284.30438806,1.80244681662561e-05,4.18666670027352e-07|0.000217242985709097,0.201460978744572,0.154519989309501|0.259557659642408,0.00273161366782293,0.000234643147478858|0.0188567771717953,14.5856420310078,10.982835825982|21.1935077862054,0.180244681662561,0.00418666670027352|2.17242985709097,2014.60978744572,1545.19989309501|2595.57659642408
107.488728334097,2020-07-17,"Hospital beds needed|Mitigated",46301,4301,21.3953948839664|606.983736074903,2020-29,275.171498036766,39.7693924416031|1907.53948106408,5.52995023635537,0.288717826232372|39.4452299001017,30824.0416328749,23209.2125272361|44781.4191031983,367.717153511423,8.39360444073374|4564.82076852136,4257106.9911849,3265100.27989736|5484307.234535,1.7403146605552e-05,3.97248611429175e-07|0.000216041716585783,0.201478381891177,0.154529149130699|0.25955874486975,0.00261718915654855,0.000136643031459835|0.0186684551505387,14.5882592201643,10.9843482783937|21.193941985451,0.17403146605552,0.00397248611429175|2.16041716585783,2014.78381891177,1545.29149130699|2595.5874486975
102.368504355453,2020-07-18,"Hospital beds needed|Mitigated",46301,4301,21.3953948839664|596.359020821788,2020-29,262.893556427803,36.5666260009978|1891.49280645602,5.30374777584812,0.550685040996832|41.1791118931779,30829.3453806508,23212.653426442|44782.3251400798,355.513735693741,8.25449663258373|4595.78562104974,4257462.5049206,3265263.39434617|5484330.4640222,1.68255889166004e-05,3.90664981712438e-07|0.000217507206740444,0.201495207480094,0.154536868935551|0.259559844264128,0.00251013310694215,0.000260625657803439|0.0194890587648678,14.5907693532713,10.985976771184|21.194370790377,0.168255889166004,0.00390664981712438|2.17507206740444,2014.95207480094,1545.36868935551|2595.59844264128
