date,actual_deaths,total_deaths,predicted_deaths_mean,predicted_deaths_lower,predicted_deaths_upper,predicted_total_deaths_mean,predicted_total_deaths_lower,predicted_total_deaths_upper,predicted_new_infected_mean,predicted_new_infected_lower,predicted_new_infected_upper,predicted_current_infected_mean,predicted_current_infected_lower,predicted_current_infected_upper,predicted_total_infected_mean,predicted_total_infected_lower,predicted_total_infected_upper,r_values_mean,country,region,subregion
2020-02-22,,,,,,,,,238,150,350,238,150,350,238,150,350,3.98024148461,US,NY,Nassau
2020-02-23,,,,,,,,,238,150,350,476,300,700,476,300,700,3.96464503538,US,NY,Nassau
2020-02-24,,,,,,,,,238,150,350,715,450,1050,715,450,1050,3.95920665167,US,NY,Nassau
2020-02-25,,,,,,,,,238,150,350,953,600,1400,953,600,1400,3.95189253714,US,NY,Nassau
2020-02-26,,,,,,,,,238,150,350,1191,750,1750,1191,750,1750,3.94207369555,US,NY,Nassau
2020-02-27,,,,,,,,,238,150,350,1429,900,2100,1429,900,2100,3.92892497876,US,NY,Nassau
2020-02-28,,,,,,,,,238,150,350,1667,1050,2450,1667,1050,2450,3.91137528773,US,NY,Nassau
2020-02-29,,,,,,,,,238,150,350,1906,1200,2800,1906,1200,2800,3.88805346962,US,NY,Nassau
2020-03-01,,,,,,,,,238,150,350,2144,1350,3150,2144,1350,3150,3.85723620861,US,NY,Nassau
2020-03-02,,,,,,,,,1142,681,1785,3285,2031,4935,3285,2031,4935,3.81547899864,US,NY,Nassau
2020-03-03,,,,,,,,,1123,676,1746,4409,2708,6681,4409,2708,6681,3.76279933509,US,NY,Nassau
2020-03-04,,,,,,,,,1266,764,1993,5675,3472,8673,5675,3472,8673,3.69458683239,US,NY,Nassau
2020-03-05,,,,,,,,,1553,939,2477,7228,4412,11149,7228,4412,11149,3.60855206712,US,NY,Nassau
2020-03-06,,,,,,,,,2141,1304,3411,9369,5716,14560,9369,5716,14560,3.501874861,US,NY,Nassau
2020-03-07,,,,,,,,,3025,1874,4706,12395,7591,19265,12395,7591,19265,3.37243526856,US,NY,Nassau
2020-03-08,,,,,,,,,3689,2354,5687,15846,9796,24602,16084,9946,24952,3.21914125695,US,NY,Nassau
2020-03-09,,,,,,,,,4320,2851,6380,19927,12497,30632,20404,12797,31332,3.04230938215,US,NY,Nassau
2020-03-10,,,,,,,,,5108,3363,7386,24797,15711,37668,25511,16161,38718,2.84399082151,US,NY,Nassau
2020-03-11,,,,,,,,,6027,3541,8344,30585,19102,45661,31538,19702,47061,2.62752006741,US,NY,Nassau
2020-03-12,,,,,,,,,7012,3781,9530,37359,22734,54841,38550,23484,56591,2.39764251267,US,NY,Nassau
2020-03-13,,,,,,,,,7818,3860,10410,44939,26445,64900,46368,27345,67000,2.16087839675,US,NY,Nassau
2020-03-14,,,,,,,,,8427,3890,11712,53128,30185,76262,54795,31235,78712,1.92559207265,US,NY,Nassau
2020-03-15,,,,,,,,,8886,3893,12919,61775,33928,88830,63681,35128,91630,1.70143444435,US,NY,Nassau
2020-03-16,,,,,,,,,9190,3887,14521,70727,37665,103001,72871,39015,106151,1.49773721806,US,NY,Nassau
2020-03-17,1,1,,,,,,,9326,3861,15907,78912,40845,117123,82197,42876,122058,1.3215232113,US,NY,Nassau
2020-03-18,0,1,,,,,,,9276,3806,16445,87065,43975,131822,91474,46683,138503,1.1760843999,US,NY,Nassau
2020-03-19,2,3,,,,,,,9077,3741,16338,94875,46952,146167,100551,50425,154840,1.0608627079,US,NY,Nassau
2020-03-20,1,4,,,,,,,8788,3671,16040,102110,49684,159731,109338,54096,170880,0.972489729953,US,NY,Nassau
2020-03-21,0,4,,,,,,,8450,3587,16134,108419,51967,172453,117788,57684,187013,0.906247188072,US,NY,Nassau
2020-03-22,0,4,,,,,,,8085,3505,15484,113478,53598,183232,125873,61190,202497,0.857304867544,US,NY,Nassau
2020-03-23,0,4,,,,,,,7703,3426,14747,117492,54670,192292,133576,64616,217243,0.821437469693,US,NY,Nassau
2020-03-24,5,9,,,,,,,7312,3346,14057,120485,55166,199968,140889,67963,231300,0.795267047185,US,NY,Nassau
2020-03-25,8,17,,,,,,,6923,3268,13258,122301,55071,205840,147812,71232,244557,0.776229694768,US,NY,Nassau
2020-03-26,0,17,,,,,,,6546,3192,12405,122820,54722,209901,154358,74424,256961,0.762434133536,US,NY,Nassau
2020-03-27,2,19,,,,,,,6185,3117,11537,121992,54058,211908,160543,77542,268498,0.752505856371,US,NY,Nassau
2020-03-28,8,27,,,,,,,5843,3064,10681,120017,53262,212179,166385,80607,279179,0.745453501954,US,NY,Nassau
2020-03-29,12,39,,,,,,,5519,3018,9854,117109,52390,210321,171904,83626,289032,0.740564622802,US,NY,Nassau
2020-03-30,0,39,,,,,,,5213,2977,9066,113436,51474,206468,177117,86603,298098,0.737327704887,US,NY,Nassau
2020-03-31,9,48,,,,,,,4926,2942,8374,109172,50529,200321,182043,89545,306472,0.735374597756,US,NY,Nassau
2020-04-01,28,76,,,,,,,4658,2910,7773,104504,49578,192186,186701,92455,314244,0.734438204884,US,NY,Nassau
2020-04-02,0,76,,,,,,,4409,2860,7189,99637,48632,182930,191110,95315,321432,0.73432156067,US,NY,Nassau
2020-04-03,19,95,,,,,,,4177,2781,6652,94737,47672,173243,195287,98097,328083,0.73487530801,US,NY,Nassau
2020-04-04,0,95,,,,,,,3962,2746,6157,89911,46747,163361,199249,100844,334240,0.735981398925,US,NY,Nassau
2020-04-05,67,162,,,,,,,3761,2692,5815,85222,45851,153042,203010,103536,340055,0.73754145243,US,NY,Nassau
2020-04-06,0,162,,,,,,,3575,2590,5487,80713,44937,143045,206586,106127,345542,0.739468707983,US,NY,Nassau
2020-04-07,338,500,,,,,,,3403,2425,5181,76412,43936,133480,209989,108552,350722,0.741682871979,US,NY,Nassau
2020-04-08,0,500,,,,,,,3243,2255,4875,72343,42844,124298,213232,110808,355597,0.744107316992,US,NY,Nassau
2020-04-09,133,633,,,,,,,3094,2153,4590,68514,41729,115630,216326,112961,360187,0.746668149122,US,NY,Nassau
2020-04-10,90,723,,,,,,,2956,2075,4348,64925,40612,107574,219283,115037,364535,0.749294662623,US,NY,Nassau
2020-04-11,69,792,,,,,,,2827,1951,4123,61567,39446,100160,222110,116989,368657,0.751920701256,US,NY,Nassau
2020-04-12,54,846,,,,,,,2707,1819,3951,58432,38201,93430,224817,118808,372608,0.754486465558,US,NY,Nassau
2020-04-13,64,910,,,,,,,2595,1698,3802,55507,36881,87378,227411,120507,376410,0.756940342906,US,NY,Nassau
2020-04-14,91,1001,,,,,,,2489,1587,3614,52784,35491,81926,229900,122094,380023,0.759240402493,US,NY,Nassau
2020-04-15,56,1057,,,,,,,2390,1484,3507,50247,34033,77059,232290,123579,383530,0.761355295335,US,NY,Nassau
2020-04-16,52,1109,,,,,,,2297,1390,3415,47886,32514,72701,234587,124969,386944,0.763264425133,US,NY,Nassau
2020-04-17,0,1109,,,,,,,2208,1302,3325,45685,30956,68837,236795,126272,390268,0.764957390877,US,NY,Nassau
2020-04-18,0,1109,,,,,,,2125,1221,3237,43633,29397,65422,238920,127494,393505,0.766432819063,US,NY,Nassau
2020-04-19,0,1109,,,,,,,2046,1147,3153,41717,27797,62418,240966,128641,396657,0.767696779801,US,NY,Nassau
2020-04-20,220,1329,,,,,,,1971,1077,3070,39926,26182,59673,242936,129718,399727,0.768761007771,US,NY,Nassau
2020-04-21,61,1390,,,,,,,1899,1012,2990,38250,24604,57175,244836,130731,402716,0.769641131282,US,NY,Nassau
2020-04-22,41,1431,,,,,,,1831,952,2923,36678,23131,54917,246667,131684,405639,0.770355065506,US,NY,Nassau
2020-04-23,40,1471,,,,,,,1766,896,2886,35201,21773,52928,248432,132581,408525,0.770921666852,US,NY,Nassau
2020-04-24,47,1518,,,,,,,1704,844,2760,33810,20464,51099,250136,133426,411285,0.77135968892,US,NY,Nassau
2020-04-25,40,1558,,,,,,,1644,796,2708,32498,19184,49458,251780,134222,413992,0.771687035745,US,NY,Nassau
2020-04-26,29,1587,,,,,,,1587,750,2679,31258,17983,48014,253368,134972,416671,0.771920974355,US,NY,Nassau
2020-04-27,33,1620,,,,,,,1533,708,2650,30083,16872,46712,254900,135681,419320,0.772076839425,US,NY,Nassau
2020-04-28,27,1647,,,,,,,1480,668,2620,28969,15842,45530,256380,136349,421939,0.772168256751,US,NY,Nassau
2020-04-29,31,1678,,,,,,,1430,631,2590,27910,14886,44506,257810,136980,424528,0.772207101863,US,NY,Nassau
2020-04-30,22,1700,,,,,,,1381,596,2538,26901,13998,43537,259191,137577,427066,0.772203209551,US,NY,Nassau
2020-05-01,20,1720,,,,,,,1335,563,2483,25939,13171,42605,260526,138141,429548,0.77216244155,US,NY,Nassau
2020-05-02,25,1745,,,,,,,1290,533,2453,25021,12402,41733,261816,138674,432001,0.772092911142,US,NY,Nassau
2020-05-03,25,1770,,,,,,,1246,504,2423,24142,11684,40919,263062,139179,434423,0.772001833927,US,NY,Nassau
2020-05-04,22,1792,,,,,,,1205,477,2392,23301,11015,40158,264267,139656,436815,0.771894489201,US,NY,Nassau
2020-05-05,26,1818,,,,,,,1164,451,2361,22495,10389,39449,265431,140108,439176,0.771775348497,US,NY,Nassau
2020-05-06,73,1891,,,,,,,1125,428,2330,21721,9804,38790,266557,140536,441505,0.771648219182,US,NY,Nassau
2020-05-07,13,1904,,,,,,,1088,405,2298,20978,9257,38165,267644,140941,443803,0.771516375163,US,NY,Nassau
2020-05-08,14,1918,,,,,,,1051,384,2267,20263,8744,37545,268696,141326,446069,0.771382675641,US,NY,Nassau
2020-05-09,22,1940,,,,,,,1016,363,2234,19576,8263,37019,269712,141689,448303,0.77124967349,US,NY,Nassau
2020-05-10,23,1963,,,,,,,982,344,2202,18914,7812,36513,270694,142034,450504,0.771119715544,US,NY,Nassau
2020-05-11,10,1973,,,,,,,949,326,2169,18276,7388,36003,271643,142361,452673,0.770995037355,US,NY,Nassau
2020-05-12,18,1991,,,,,,,917,309,2136,17660,6990,35489,272560,142671,454808,0.770877855051,US,NY,Nassau
2020-05-13,13,2004,,,,,,,886,293,2103,17066,6615,34972,273446,142965,456910,0.77077045726,US,NY,Nassau
2020-05-14,12,2016,,,,,,,856,278,2069,16492,6262,34451,274302,143243,458979,0.770675300137,US,NY,Nassau
2020-05-15,11,2027,,,,,,,826,263,2035,15937,5929,33948,275128,143506,461014,0.77059510885,US,NY,Nassau
2020-05-16,7,2034,,,,,,,798,249,1981,15400,5615,33446,275926,143756,462994,0.770532989098,US,NY,Nassau
2020-05-17,10,2044,,,,,,,770,236,1948,14881,5318,32941,276696,143992,464941,0.770492552582,US,NY,Nassau
2020-05-18,9,2053,,,,,,,743,223,1915,14378,5037,32432,277440,144216,466855,0.770478060722,US,NY,Nassau
2020-05-19,7,2060,,,,,,,717,210,1881,13890,4770,31922,278157,144427,468736,0.770494591369,US,NY,Nassau
2020-05-20,5,2065,,,,,,,691,198,1849,13417,4517,31409,278848,144625,470585,0.770548233774,US,NY,Nassau
2020-05-21,8,2073,,,,,,,667,187,1811,12958,4276,30890,279515,144813,472395,0.77064631752,US,NY,Nassau
2020-05-22,9,2082,,,,,,,642,175,1778,12512,4047,30369,280157,144989,474172,0.770797681531,US,NY,Nassau
2020-05-23,5,2087,,,,,,,619,165,1745,12080,3828,29847,280776,145154,475916,0.771012989457,US,NY,Nassau
2020-05-24,7,2094,,,,,,,596,155,1712,11659,3619,29325,281371,145309,477627,0.771305097478,US,NY,Nassau
2020-05-25,9,2103,,,,,,,573,145,1679,11250,3420,28801,281944,145455,479305,0.771689479724,US,NY,Nassau
2020-05-26,5,2108,,,,,,,551,135,1646,10852,3229,28278,282495,145591,480951,0.772184714474,US,NY,Nassau
2020-05-27,29,2137,,,,,,,531,128,1613,10466,3048,27756,283026,145719,482563,0.772813030709,US,NY,Nassau
2020-05-28,-23,2114,,,,,,,510,121,1581,10090,2875,27234,283536,145841,484144,0.773600900048,US,NY,Nassau
2020-05-29,4,2118,,,,,,,491,114,1550,9726,2712,26715,284028,145955,485693,0.77457957358,US,NY,Nassau
2020-05-30,3,2121,,,,,,,474,108,1521,9373,2557,26200,284502,146064,487213,0.775785954316,US,NY,Nassau
2020-05-31,1,2122,,,,,,,457,102,1492,9033,2410,25711,284959,146167,488705,0.777262998044,US,NY,Nassau
2020-06-01,3,2125,,,,,,,442,97,1463,8705,2272,25227,285401,146264,490167,0.779060172411,US,NY,Nassau
2020-06-02,2,2127,,,,,,,427,93,1434,8389,2141,24746,285828,146357,491601,0.781233885268,US,NY,Nassau
2020-06-03,3,2130,,,,,,,413,89,1407,8085,2019,24272,286241,146446,493007,0.783847334418,US,NY,Nassau
2020-06-04,2,2132,,,,,,,401,85,1379,7794,1906,23802,286642,146532,494386,0.786969688272,US,NY,Nassau
2020-06-05,0,2132,,,,,,,389,82,1354,7516,1801,23344,287031,146614,495739,0.790674497725,US,NY,Nassau
2020-06-06,3,2135,,,,,,,378,79,1332,7252,1705,22899,287409,146694,497071,0.7950370135,US,NY,Nassau
2020-06-07,7,2142,,,,,,,368,76,1310,7001,1616,22464,287777,146770,498380,0.800130174307,US,NY,Nassau
2020-06-08,3,2145,,,,,,,359,73,1290,6765,1535,22043,288136,146844,499670,0.806019064308,US,NY,Nassau
2020-06-09,0,2145,,,,,,,351,71,1274,6543,1461,21639,288488,146916,500944,0.812753885407,US,NY,Nassau
2020-06-10,6,2151,,,,,,,344,69,1259,6337,1394,21252,288832,146985,502202,0.820361807681,US,NY,Nassau
2020-06-11,0,2151,,,,,,,339,66,1246,6145,1332,20885,289171,147052,503448,0.828838466697,US,NY,Nassau
2020-06-12,12,2163,,,,,,,334,65,1236,5968,1276,20540,289504,147117,504684,0.83814032986,US,NY,Nassau
2020-06-13,0,2163,,,,,,,330,63,1229,5806,1225,20220,289834,147180,505912,0.848179489379,US,NY,Nassau
2020-06-14,2,2165,,,,,,,327,62,1231,5659,1179,19930,290161,147243,507143,0.858822497111,US,NY,Nassau
2020-06-15,2,2167,,,,,,,325,61,1229,5526,1137,19667,290485,147304,508372,0.869894472301,US,NY,Nassau
2020-06-16,3,2170,,,,,,,323,60,1225,5407,1100,19430,290809,147365,509597,0.881188835072,US,NY,Nassau
2020-06-17,1,2171,,,,,,,323,59,1223,5303,1066,19218,291131,147424,510819,0.892481815617,US,NY,Nassau
2020-06-18,1,2172,,,,,,,323,58,1223,5213,1036,19034,291454,147482,512041,0.903549712088,US,NY,Nassau
2020-06-19,3,2175,,,,,,,324,57,1238,5136,1008,18894,291778,147540,513279,0.914186140928,US,NY,Nassau
2020-06-20,0,2175,,,,,,,325,57,1262,5073,983,18802,292104,147598,514540,0.924216525857,US,NY,Nassau
2020-06-21,3,2178,,,,,,,328,57,1288,5022,960,18758,292431,147655,515828,0.93350780322,US,NY,Nassau
2020-06-22,0,2178,,,,,,,330,56,1316,4985,941,18764,292761,147711,517144,0.941972497733,US,NY,Nassau
2020-06-23,1,2179,,,,,,,333,56,1347,4959,924,18821,293095,147768,518491,0.949567525452,US,NY,Nassau
2020-06-24,1,2180,,,,,,,337,56,1379,4944,909,18926,293432,147825,519869,0.956288956818,US,NY,Nassau
2020-06-25,,,2,0,7,2182,2180,2187,341,57,1413,4941,897,19081,293773,147882,521282,,US,NY,Nassau
2020-06-26,,,2,0,7,2184,2180,2194,345,56,1449,4947,887,19284,294118,147939,522731,,US,NY,Nassau
2020-06-27,,,2,0,7,2186,2181,2201,350,56,1487,4963,879,19534,294468,147996,524217,,US,NY,Nassau
2020-06-28,,,2,0,7,2188,2181,2208,355,56,1526,4988,872,19830,294822,148052,525742,,US,NY,Nassau
2020-06-29,,,2,0,7,2190,2182,2215,360,56,1566,5022,866,20166,295182,148109,527308,,US,NY,Nassau
2020-06-30,,,2,0,7,2192,2182,2222,366,56,1608,5063,861,20544,295548,148165,528915,,US,NY,Nassau
2020-07-01,,,2,0,7,2194,2182,2228,371,55,1651,5111,856,20970,295919,148221,530566,,US,NY,Nassau
2020-07-02,,,2,0,7,2196,2183,2235,377,55,1696,5165,852,21444,296296,148276,532262,,US,NY,Nassau
2020-07-03,,,2,0,8,2198,2183,2242,384,54,1742,5226,848,21963,296680,148331,534004,,US,NY,Nassau
2020-07-04,,,2,0,8,2200,2184,2250,390,54,1790,5292,845,22515,297070,148385,535793,,US,NY,Nassau
2020-07-05,,,2,0,8,2202,2184,2257,397,54,1839,5364,842,23092,297467,148440,537632,,US,NY,Nassau
2020-07-06,,,2,0,8,2203,2184,2264,404,53,1889,5440,838,23692,297871,148493,539520,,US,NY,Nassau
2020-07-07,,,2,0,8,2205,2185,2271,411,53,1939,5521,835,24315,298282,148547,541458,,US,NY,Nassau
2020-07-08,,,2,0,8,2207,2185,2279,419,53,1991,5606,831,24959,298701,148600,543449,,US,NY,Nassau
2020-07-09,,,2,0,8,2209,2185,2286,426,52,2046,5696,827,25625,299127,148653,545494,,US,NY,Nassau
2020-07-10,,,2,0,8,2211,2186,2294,434,52,2101,5789,823,26313,299562,148706,547594,,US,NY,Nassau
2020-07-11,,,2,0,8,2213,2186,2301,442,52,2157,5886,819,27020,300004,148758,549751,,US,NY,Nassau
2020-07-12,,,2,0,8,2215,2186,2309,451,52,2214,5987,814,27748,300455,148810,551964,,US,NY,Nassau
2020-07-13,,,2,0,8,2217,2187,2316,459,51,2272,6092,809,28494,300914,148862,554236,,US,NY,Nassau
2020-07-14,,,2,0,8,2219,2187,2324,468,51,2325,6200,804,29253,301382,148914,556560,,US,NY,Nassau
2020-07-15,,,2,0,8,2221,2187,2332,477,51,2380,6312,799,30025,301860,148965,558940,,US,NY,Nassau
2020-07-16,,,2,0,9,2223,2188,2340,487,51,2438,6427,795,30811,302346,149016,561377,,US,NY,Nassau
2020-07-17,,,2,0,9,2225,2188,2348,495,50,2485,6545,791,31601,302841,149067,563862,,US,NY,Nassau
2020-07-18,,,2,0,9,2227,2188,2356,503,50,2534,6664,786,32392,303344,149118,566395,,US,NY,Nassau
2020-07-19,,,2,0,9,2229,2189,2365,512,50,2582,6786,782,33184,303856,149168,568977,,US,NY,Nassau
2020-07-20,,,2,0,9,2231,2189,2374,521,50,2630,6910,778,33975,304377,149218,571606,,US,NY,Nassau
2020-07-21,,,2,0,9,2233,2189,2382,529,49,2676,7035,774,34762,304906,149268,574281,,US,NY,Nassau
2020-07-22,,,2,0,10,2235,2190,2392,537,49,2718,7161,770,35541,305444,149318,576999,,US,NY,Nassau
2020-07-23,,,2,0,10,2237,2190,2401,546,49,2757,7288,766,36307,305989,149367,579755,,US,NY,Nassau
2020-07-24,,,2,0,10,2239,2190,2410,554,48,2791,7416,762,37052,306543,149416,582546,,US,NY,Nassau
2020-07-25,,,2,0,10,2241,2191,2420,562,48,2823,7543,758,37774,307105,149464,585368,,US,NY,Nassau
2020-07-26,,,2,0,10,2244,2191,2430,570,48,2852,7671,754,38470,307675,149513,588220,,US,NY,Nassau
2020-07-27,,,2,0,11,2246,2191,2440,577,48,2903,7797,750,39158,308252,149561,591122,,US,NY,Nassau
2020-07-28,,,2,0,11,2248,2192,2450,585,47,2959,7923,746,39845,308837,149608,594081,,US,NY,Nassau
2020-07-29,,,2,0,11,2250,2192,2461,592,47,2994,8047,741,40514,309429,149656,597074,,US,NY,Nassau
2020-07-30,,,2,0,11,2252,2192,2471,599,47,3018,8169,737,41152,310029,149703,600091,,US,NY,Nassau
2020-07-31,,,2,0,11,2255,2192,2482,606,46,3066,8289,733,41780,310635,149750,603157,,US,NY,Nassau
2020-08-01,,,2,0,12,2257,2193,2494,613,46,3113,8407,728,42408,311249,149796,606269,,US,NY,Nassau
2020-08-02,,,2,0,12,2259,2193,2505,620,45,3188,8524,724,43062,311868,149842,609457,,US,NY,Nassau
2020-08-03,,,2,0,12,2262,2193,2517,626,45,3266,8638,719,43747,312494,149888,612723,,US,NY,Nassau
2020-08-04,,,2,0,12,2264,2194,2529,632,44,3344,8750,714,44461,313127,149933,616066,,US,NY,Nassau
2020-08-05,,,2,0,13,2267,2194,2541,638,44,3395,8858,708,45180,313765,149977,619461,,US,NY,Nassau
2020-08-06,,,2,0,13,2269,2194,2553,644,44,3444,8965,703,45906,314408,150021,622905,,US,NY,Nassau
2020-08-07,,,3,0,13,2272,2194,2565,649,43,3529,9068,698,46678,315057,150065,626433,,US,NY,Nassau
2020-08-08,,,3,0,13,2274,2195,2578,654,43,3609,9168,693,47497,315711,150109,630042,,US,NY,Nassau
2020-08-09,,,3,0,13,2277,2195,2591,659,43,3665,9265,687,48339,316369,150152,633706,,US,NY,Nassau
2020-08-10,,,3,0,14,2279,2195,2604,663,43,3712,9358,682,49198,317032,150195,637418,,US,NY,Nassau
2020-08-11,,,3,0,14,2282,2195,2617,667,42,3738,9448,677,50033,317700,150238,641155,,US,NY,Nassau
2020-08-12,,,3,0,14,2285,2196,2631,671,42,3767,9534,672,50842,318371,150281,644922,,US,NY,Nassau
2020-08-13,,,3,0,14,2287,2196,2644,675,42,3810,9616,667,51658,319046,150323,648732,,US,NY,Nassau
2020-08-14,,,3,0,14,2290,2196,2658,678,42,3845,9695,662,52486,319724,150365,652576,,US,NY,Nassau
2020-08-15,,,3,0,14,2293,2196,2671,681,41,3888,9770,656,53307,320405,150407,656464,,US,NY,Nassau
2020-08-16,,,3,0,14,2295,2197,2685,684,41,3946,9841,652,54140,321089,150448,660409,,US,NY,Nassau
2020-08-17,,,3,0,14,2298,2197,2699,687,41,3990,9907,647,54941,321776,150489,664398,,US,NY,Nassau
2020-08-18,,,3,0,15,2301,2197,2713,689,40,4037,9970,642,55712,322465,150530,668435,,US,NY,Nassau
2020-08-19,,,3,0,15,2304,2197,2728,691,40,4087,10029,638,56456,323156,150571,672522,,US,NY,Nassau
2020-08-20,,,3,0,15,2307,2198,2742,693,40,4136,10084,634,57197,323848,150611,676657,,US,NY,Nassau
2020-08-21,,,3,0,15,2310,2198,2756,694,40,4176,10134,630,57929,324543,150652,680833,,US,NY,Nassau
2020-08-22,,,3,0,15,2312,2198,2771,696,39,4219,10181,626,58618,325238,150692,685051,,US,NY,Nassau
2020-08-23,,,3,0,15,2315,2198,2786,697,39,4268,10224,622,59277,325935,150731,689318,,US,NY,Nassau
2020-08-24,,,3,0,16,2318,2198,2801,697,39,4315,10263,618,59928,326632,150771,693633,,US,NY,Nassau
2020-08-25,,,3,0,16,2321,2199,2816,698,39,4361,10298,614,60576,327330,150810,697993,,US,NY,Nassau
2020-08-26,,,3,0,16,2324,2199,2832,698,38,4394,10329,610,61233,328029,150849,702387,,US,NY,Nassau
2020-08-27,,,3,0,17,2327,2199,2848,699,38,4425,10356,606,61890,328727,150887,706811,,US,NY,Nassau
2020-08-28,,,3,0,17,2330,2199,2865,698,38,4452,10380,602,62532,329426,150926,711263,,US,NY,Nassau
2020-08-29,,,3,0,17,2333,2199,2881,698,38,4477,10400,599,63164,330124,150964,715739,,US,NY,Nassau
2020-08-30,,,3,0,18,2337,2200,2898,698,37,4498,10417,595,63774,330822,151002,720237,,US,NY,Nassau
2020-08-31,,,3,0,18,2340,2200,2916,697,37,4519,10430,591,64347,331519,151039,724756,,US,NY,Nassau
2020-09-01,,,3,0,18,2343,2200,2933,696,37,4512,10439,587,64870,332215,151077,729268,,US,NY,Nassau
2020-09-02,,,3,0,18,2346,2200,2951,695,37,4498,10445,583,65331,332910,151114,733765,,US,NY,Nassau
2020-09-03,,,3,0,18,2349,2200,2969,694,36,4516,10448,580,65759,333603,151151,738280,,US,NY,Nassau
2020-09-04,,,3,0,19,2352,2201,2987,692,36,4543,10447,576,66167,334295,151188,742823,,US,NY,Nassau
2020-09-05,,,3,0,19,2355,2201,3005,690,36,4559,10443,572,66550,334986,151225,747382,,US,NY,Nassau
2020-09-06,,,3,0,19,2359,2201,3023,689,36,4572,10436,569,66903,335674,151261,751953,,US,NY,Nassau
2020-09-07,,,3,0,19,2362,2201,3042,686,36,4582,10426,566,67217,336361,151297,756535,,US,NY,Nassau
2020-09-08,,,3,0,19,2365,2201,3061,684,36,4589,10412,562,67491,337045,151334,761124,,US,NY,Nassau
2020-09-09,,,3,0,20,2368,2202,3080,682,36,4595,10396,559,67725,337727,151370,765718,,US,NY,Nassau
2020-09-10,,,3,0,20,2372,2202,3099,679,35,4594,10377,556,67925,338406,151406,770312,,US,NY,Nassau
2020-09-11,,,3,0,20,2375,2202,3119,677,35,4591,10355,553,68092,339082,151441,774903,,US,NY,Nassau
2020-09-12,,,3,0,20,2378,2202,3138,674,35,4586,10331,551,68226,339756,151477,779488,,US,NY,Nassau
2020-09-13,,,3,0,20,2382,2202,3158,671,35,4577,10303,548,68326,340427,151513,784065,,US,NY,Nassau
2020-09-14,,,3,0,21,2385,2203,3179,668,35,4566,10273,546,68394,341095,151548,788631,,US,NY,Nassau
2020-09-15,,,3,0,21,2388,2203,3199,665,35,4557,10241,544,68432,341760,151584,793187,,US,NY,Nassau
2020-09-16,,,3,0,21,2392,2203,3220,661,35,4543,10207,541,68462,342421,151619,797729,,US,NY,Nassau
2020-09-17,,,3,0,21,2395,2203,3240,658,35,4514,10170,539,68478,343079,151654,802242,,US,NY,Nassau
2020-09-18,,,3,0,21,2398,2203,3261,655,35,4476,10131,538,68438,343734,151689,806718,,US,NY,Nassau
2020-09-19,,,3,0,22,2401,2204,3282,651,35,4468,10090,536,68363,344385,151724,811186,,US,NY,Nassau
2020-09-20,,,3,0,22,2405,2204,3303,648,35,4447,10047,534,68251,345033,151759,815633,,US,NY,Nassau
2020-09-21,,,3,0,22,2408,2204,3325,644,34,4423,10002,533,68102,345676,151794,820055,,US,NY,Nassau
2020-09-22,,,3,0,22,2411,2204,3346,640,34,4396,9956,531,67916,346316,151829,824450,,US,NY,Nassau
2020-09-23,,,3,0,22,2415,2204,3367,637,34,4362,9908,530,67688,346953,151864,828812,,US,NY,Nassau
2020-09-24,,,3,0,22,2418,2204,3389,634,34,4335,9860,529,67428,347587,151899,833146,,US,NY,Nassau
2020-09-25,,,3,0,22,2421,2205,3410,630,34,4310,9811,528,67144,348217,151934,837455,,US,NY,Nassau
2020-09-26,,,3,0,22,2425,2205,3432,627,34,4275,9761,527,66828,348844,151969,841730,,US,NY,Nassau
2020-09-27,,,3,0,22,2428,2205,3453,623,34,4237,9711,526,66479,349467,152004,845967,,US,NY,Nassau
2020-09-28,,,3,0,22,2431,2205,3475,620,34,4231,9660,526,66133,350087,152039,850197,,US,NY,Nassau
2020-09-29,,,3,0,22,2434,2205,3496,618,35,4189,9610,525,65756,350705,152074,854386,,US,NY,Nassau
2020-09-30,,,3,0,22,2438,2205,3518,615,34,4171,9560,525,65370,351320,152109,858556,,US,NY,Nassau
2020-10-01,,,3,0,22,2441,2206,3540,612,34,4113,9510,524,64940,351931,152143,862668,,US,NY,Nassau
2020-02-17,,,,,,,,,389,300,500,389,300,500,389,300,500,5.38346477302,US,NY,New York City
2020-02-18,,,,,,,,,389,300,500,777,600,1000,777,600,1000,5.37310000594,US,NY,New York City
2020-02-19,,,,,,,,,389,300,500,1166,900,1500,1166,900,1500,5.36946998797,US,NY,New York City
2020-02-20,,,,,,,,,389,300,500,1555,1200,2000,1555,1200,2000,5.36457243202,US,NY,New York City
2020-02-21,,,,,,,,,389,300,500,1944,1500,2500,1944,1500,2500,5.35796814999,US,NY,New York City
2020-02-22,,,,,,,,,389,300,500,2332,1800,3000,2332,1800,3000,5.34906889064,US,NY,New York City
2020-02-23,,,,,,,,,389,300,500,2721,2100,3500,2721,2100,3500,5.33708947012,US,NY,New York City
2020-02-24,,,,,,,,,389,300,500,3110,2400,4000,3110,2400,4000,5.32098681542,US,NY,New York City
2020-02-25,,,,,,,,,389,300,500,3499,2700,4500,3499,2700,4500,5.29938421029,US,NY,New York City
2020-02-26,,,,,,,,,2436,1774,3284,5935,4474,7784,5935,4474,7784,5.26998909225,US,NY,New York City
2020-02-27,,,,,,,,,2416,1762,3268,8351,6237,11052,8351,6237,11052,5.2313978442,US,NY,New York City
2020-02-28,,,,,,,,,2921,2105,4013,11272,8343,15064,11272,8343,15064,5.17989545148,US,NY,New York City
2020-02-29,,,,,,,,,3923,2788,5487,15195,11131,20551,15195,11131,20551,5.11211639831,US,NY,New York City
2020-03-01,,,,,,,,,6025,4221,8584,21221,15352,29134,21221,15352,29134,5.02350274494,US,NY,New York City
2020-03-02,,,,,,,,,9367,6508,13782,30587,21861,42916,30587,21861,42916,4.90875246204,US,NY,New York City
2020-03-03,,,,,,,,,12450,8624,18061,42648,30185,60476,43037,30485,60976,4.76191181542,US,NY,New York City
2020-03-04,,,,,,,,,16195,11187,23869,58455,41072,83845,59232,41672,84845,4.57687673598,US,NY,New York City
2020-03-05,,,,,,,,,21474,14838,31912,79540,55611,115256,80706,56511,116756,4.34839693432,US,NY,New York City
2020-03-06,,,,,,,,,28365,19722,41852,107516,75033,156607,109071,76233,158607,4.07301589622,US,NY,New York City
2020-03-07,,,,,,,,,36531,25759,52338,143658,100492,208444,145602,101992,210944,3.75100509969,US,NY,New York City
2020-03-08,,,,,,,,,44665,32187,63459,187934,132379,271403,190267,134179,274403,3.3887826896,US,NY,New York City
2020-03-09,,,,,,,,,52449,38840,70689,239995,170920,341591,242716,173020,345091,3.00073771219,US,NY,New York City
2020-03-10,,,,,,,,,59628,44595,80790,299234,215215,421880,302344,217615,425880,2.60882554285,US,NY,New York City
2020-03-11,,,,,,,,,65600,48985,89340,364445,263901,510720,367943,266601,515220,2.2381512744,US,NY,New York City
2020-03-12,1,1,,,,,,,69852,52678,92325,431860,314805,599761,437795,319280,607545,1.90985591693,US,NY,New York City
2020-03-13,1,2,,,,,,,72169,55263,91479,501613,368305,687972,509964,374543,699024,1.63552316192,US,NY,New York City
2020-03-14,3,5,,,,,,,72898,56003,89134,571590,422204,773093,582862,430547,788157,1.41650781668,US,NY,New York City
2020-03-15,6,11,,,,,,,72518,56065,90407,640184,475481,858013,655380,486612,878564,1.2471998537,US,NY,New York City
2020-03-16,10,21,,,,,,,71332,55485,90854,705491,526745,940283,726711,542098,969417,1.11901065809,US,NY,New York City
2020-03-17,11,32,,,,,,,69521,53954,89664,765644,574190,1016165,796232,596052,1059081,1.02314760741,US,NY,New York City
2020-03-18,25,57,,,,,,,67214,51534,87152,820409,617100,1085256,863446,647586,1146232,0.951944398719,US,NY,New York City
2020-03-19,27,84,,,,,,,64573,49182,83691,868787,655095,1145078,928019,696768,1229922,0.899236007212,US,NY,New York City
2020-03-20,50,134,,,,,,,61763,46924,79641,909077,687181,1192807,989782,743692,1309563,0.860276665709,US,NY,New York City
2020-03-21,46,180,,,,,,,58902,44765,75276,939614,712225,1226232,1048684,788458,1384838,0.831499706905,US,NY,New York City
2020-03-22,52,232,,,,,,,56057,42702,70786,959140,729168,1244680,1104742,831160,1455624,0.810260779762,US,NY,New York City
2020-03-23,96,328,,,,,,,53262,40924,66223,967737,737905,1247444,1158004,872085,1521847,0.7946156613,US,NY,New York City
2020-03-24,105,433,,,,,,,50540,38972,61246,965828,738037,1238001,1208544,911057,1583092,0.783142879732,US,NY,New York City
2020-03-25,140,573,,,,,,,47916,37305,57695,954117,730747,1214907,1256460,948363,1640786,0.774807396568,US,NY,New York City
2020-03-26,225,798,,,,,,,45409,35602,54669,933926,717363,1180235,1301869,983965,1695455,0.768857632506,US,NY,New York City
2020-03-27,252,1050,,,,,,,43030,33976,52186,907104,698661,1140096,1344899,1017942,1747640,0.764748534052,US,NY,New York City
2020-03-28,327,1377,,,,,,,40781,32440,49782,875715,675838,1098399,1385679,1050382,1797422,0.762084488717,US,NY,New York City
2020-03-29,352,1729,,,,,,,38659,31091,47442,841476,650926,1056707,1424338,1081473,1844864,0.760576870262,US,NY,New York City
2020-03-30,399,2128,,,,,,,36662,29884,44753,805620,624746,1011053,1461000,1111358,1889616,0.760012195533,US,NY,New York City
2020-03-31,461,2589,,,,,,,34787,28390,42950,769075,597651,963149,1495787,1139749,1932566,0.760228000639,US,NY,New York City
2020-04-01,526,3115,,,,,,,33030,27068,40846,732584,570765,914331,1528816,1166818,1973411,0.761094569256,US,NY,New York City
2020-04-02,639,3754,,,,,,,31386,25953,38924,696756,545184,866103,1560202,1192771,2012334,0.762501409231,US,NY,New York City
2020-04-03,645,4399,,,,,,,29848,24904,36650,662031,520907,819062,1590051,1217676,2048984,0.764347810617,US,NY,New York City
2020-04-04,678,5077,,,,,,,28410,23493,35380,628678,497476,774801,1618460,1241169,2084363,0.76653703727,US,NY,New York City
2020-04-05,727,5804,,,,,,,27063,21959,34240,596839,474671,733765,1645523,1263129,2118603,0.768973740709,US,NY,New York City
2020-04-06,792,6596,,,,,,,25801,20542,32925,566583,452510,695904,1671325,1283671,2151527,0.77156408475,US,NY,New York City
2020-04-07,810,7406,,,,,,,24618,19237,31537,537939,430822,661217,1695943,1302908,2183063,0.774217889296,US,NY,New York City
2020-04-08,731,8137,,,,,,,23507,18181,30181,510905,410031,630152,1719449,1321089,2213244,0.776851923424,US,NY,New York City
2020-04-09,724,8861,,,,,,,22461,17195,28990,485450,389922,601447,1741910,1338285,2242233,0.779393410306,US,NY,New York City
2020-04-10,697,9558,,,,,,,21474,16303,27818,461515,370623,574597,1763384,1354588,2270051,0.781782911873,US,NY,New York City
2020-04-11,680,10238,,,,,,,20542,15638,26706,439028,352285,549117,1783926,1370227,2296757,0.783976026604,US,NY,New York City
2020-04-12,717,10955,,,,,,,19660,14622,25650,417907,334467,524984,1803587,1384849,2322406,0.785943680609,US,NY,New York City
2020-04-13,726,11681,,,,,,,18824,13680,24643,398072,317056,502186,1822410,1398530,2347049,0.787671116249,US,NY,New York City
2020-04-14,643,12324,,,,,,,18029,13146,23683,379439,300317,481116,1840439,1411676,2370732,0.78915590639,US,NY,New York City
2020-04-15,527,12851,,,,,,,17273,12087,22972,361926,284015,461138,1857712,1423764,2393703,0.790405417123,US,NY,New York City
2020-04-16,523,13374,,,,,,,16553,11140,22212,345449,268087,442504,1874266,1434905,2415915,0.79143412377,US,NY,New York City
2020-04-17,452,13826,,,,,,,15867,10425,21863,329930,252559,425443,1890133,1445330,2437777,0.792261095466,US,NY,New York City
2020-04-18,465,14291,,,,,,,15212,9826,21314,315294,237481,410107,1905345,1455157,2459090,0.792907846894,US,NY,New York City
2020-04-19,444,14735,,,,,,,14586,9178,20780,301471,223166,395507,1919931,1464336,2479869,0.793396645654,US,NY,New York City
2020-04-20,434,15169,,,,,,,13988,8569,20254,288396,209776,381521,1933919,1472905,2500123,0.79374927932,US,NY,New York City
2020-04-21,360,15529,,,,,,,13416,8449,19648,276010,197684,368244,1947335,1481355,2519771,0.793986232915,US,NY,New York City
2020-04-22,335,15864,,,,,,,12868,7893,19178,264260,186340,355885,1960203,1489249,2538948,0.794126201943,US,NY,New York City
2020-04-23,294,16158,,,,,,,12344,7439,18717,253097,175598,344421,1972547,1496688,2557665,0.794185860767,US,NY,New York City
2020-04-24,32,16190,,,,,,,11842,6827,18265,242478,165230,333696,1984388,1503515,2575929,0.79417981272,US,NY,New York City
2020-04-25,936,17126,,,,,,,11361,6428,17823,232364,155355,323701,1995749,1509944,2593752,0.794120660696,US,NY,New York City
2020-04-26,154,17280,,,,,,,10899,6102,17377,222722,145819,314372,2006648,1516046,2611128,0.794019150615,US,NY,New York City
2020-04-27,235,17515,,,,,,,10457,5715,16931,213519,136912,305653,2017106,1521762,2628058,0.793884352933,US,NY,New York City
2020-04-28,167,17682,,,,,,,10034,5356,16495,204729,128588,297504,2027139,1527118,2644552,0.793723859105,US,NY,New York City
2020-04-29,394,18076,,,,,,,9627,5016,16068,196328,120458,289888,2036767,1532134,2660620,0.793544049832,US,NY,New York City
2020-04-30,-7,18069,,,,,,,9238,4729,15650,188292,113099,282567,2046005,1536864,2676269,0.793352454955,US,NY,New York City
2020-05-01,330,18399,,,,,,,8864,4445,15242,180603,106404,275597,2054869,1541310,2691511,0.793151190746,US,NY,New York City
2020-05-02,92,18491,,,,,,,8506,4185,14842,173242,100165,268576,2063374,1545496,2706353,0.792942146599,US,NY,New York City
2020-05-03,434,18925,,,,,,,8162,3945,14452,166191,94284,261715,2071536,1549442,2720804,0.792729642113,US,NY,New York City
2020-05-04,132,19057,,,,,,,7832,3723,14070,159437,88829,255004,2079368,1553165,2734873,0.792516070431,US,NY,New York City
2020-05-05,10,19067,,,,,,,7515,3507,13696,152963,83766,248446,2086882,1556672,2748569,0.79230331666,US,NY,New York City
2020-05-06,107,19174,,,,,,,7211,3307,13331,146759,78624,242129,2094093,1559980,2761899,0.792092903362,US,NY,New York City
2020-05-07,452,19626,,,,,,,6919,3119,12973,140809,73851,235924,2101012,1563100,2774872,0.791886063304,US,NY,New York City
2020-05-08,-65,19561,,,,,,,6639,2941,12624,135104,69353,229831,2107651,1566041,2787495,0.79168380032,US,NY,New York City
2020-05-09,257,19818,,,,,,,6370,2773,12283,129633,65299,223849,2114021,1568815,2799778,0.791486941522,US,NY,New York City
2020-05-10,-29,19789,,,,,,,6112,2615,11949,124384,61487,217976,2120132,1571431,2811727,0.791296182584,US,NY,New York City
2020-05-11,267,20056,,,,,,,5863,2466,11623,119348,57850,212222,2125996,1573897,2823350,0.791112127886,US,NY,New York City
2020-05-12,181,20237,,,,,,,5625,2324,11305,114515,54459,206596,2131621,1576222,2834654,0.790935326851,US,NY,New York City
2020-05-13,79,20316,,,,,,,5396,2191,10994,109878,51294,201096,2137017,1578413,2845648,0.790766307797,US,NY,New York City
2020-05-14,90,20406,,,,,,,5176,2064,10690,105427,48343,195718,2142194,1580478,2856338,0.790605610609,US,NY,New York City
2020-05-15,70,20476,,,,,,,4965,1945,10394,101154,45559,190462,2147159,1582423,2866731,0.790453819411,US,NY,New York City
2020-05-16,100,20576,,,,,,,4762,1832,10104,97052,42945,185323,2151921,1584256,2876834,0.790311596589,US,NY,New York City
2020-05-17,144,20720,,,,,,,4567,1725,9822,93113,40485,180303,2156487,1585981,2886655,0.790179719469,US,NY,New York City
2020-05-18,86,20806,,,,,,,4379,1624,9546,89330,38163,175397,2160867,1587605,2896201,0.790059121105,US,NY,New York City
2020-05-19,81,20887,,,,,,,4199,1527,9297,85698,35968,170625,2165065,1589133,2905498,0.789950936741,US,NY,New York City
2020-05-20,47,20934,,,,,,,4025,1436,9061,82208,33897,165991,2169090,1590570,2914559,0.789856557726,US,NY,New York City
2020-05-21,69,21003,,,,,,,3858,1349,8830,78856,31938,161490,2172949,1591919,2923388,0.789777694918,US,NY,New York City
2020-05-22,83,21086,,,,,,,3698,1265,8604,75634,30085,157120,2176647,1593185,2931992,0.789716453954,US,NY,New York City
2020-05-23,52,21138,,,,,,,3543,1186,8382,72539,28330,152878,2180190,1594371,2940373,0.789675425113,US,NY,New York City
2020-05-24,78,21216,,,,,,,3395,1111,8132,69564,26667,148727,2183585,1595483,2948505,0.789657790958,US,NY,New York City
2020-05-25,43,21259,,,,,,,3254,1041,7881,66706,25094,144659,2186838,1596525,2956385,0.78966745544,US,NY,New York City
2020-05-26,55,21314,,,,,,,3120,978,7636,63963,23606,140672,2189958,1597504,2964021,0.789709197445,US,NY,New York City
2020-05-27,48,21362,,,,,,,2992,918,7399,61329,22200,136766,2192950,1598422,2971419,0.789788806536,US,NY,New York City
2020-05-28,53,21415,,,,,,,2869,861,7168,58802,20870,132940,2195819,1599284,2978587,0.789913330548,US,NY,New York City
2020-05-29,62,21477,,,,,,,2751,808,6951,56377,19615,129201,2198571,1600093,2985538,0.790091429223,US,NY,New York City
2020-05-30,35,21512,,,,,,,2639,759,6749,54052,18429,125556,2201210,1600852,2992286,0.790333620722,US,NY,New York City
2020-05-31,57,21569,,,,,,,2532,713,6553,51822,17310,122005,2203743,1601566,2998838,0.790652635653,US,NY,New York City
2020-06-01,38,21607,,,,,,,2431,670,6366,49686,16255,118549,2206173,1602237,3005204,0.791063836602,US,NY,New York City
2020-06-02,42,21649,,,,,,,2334,630,6187,47640,15262,115190,2208507,1602868,3011391,0.7915857097,US,NY,New York City
2020-06-03,39,21688,,,,,,,2241,593,6014,45683,14327,111907,2210748,1603461,3017404,0.792240420719,US,NY,New York City
2020-06-04,64,21752,,,,,,,2153,558,5847,43810,13449,108693,2212901,1604020,3023251,0.793054412619,US,NY,New York City
2020-06-05,30,21782,,,,,,,2069,526,5687,42021,12626,105550,2214970,1604546,3028938,0.794059039774,US,NY,New York City
2020-06-06,33,21815,,,,,,,1990,495,5533,40314,11856,102479,2216960,1605041,3034470,0.795291211936,US,NY,New York City
2020-06-07,29,21844,,,,,,,1915,467,5386,38685,11137,99484,2218875,1605509,3039856,0.796793996543,US,NY,New York City
2020-06-08,33,21877,,,,,,,1844,441,5246,37134,10466,96597,2220719,1605950,3045101,0.798617102968,US,NY,New York City
2020-06-09,41,21918,,,,,,,1777,417,5112,35658,9841,93828,2222496,1606367,3050213,0.800817130204,US,NY,New York City
2020-06-10,42,21960,,,,,,,1714,394,4986,34252,9257,91178,2224210,1606761,3055199,0.803457421373,US,NY,New York City
2020-06-11,33,21993,,,,,,,1656,373,4868,32916,8712,88648,2225866,1607135,3060067,0.806607322595,US,NY,New York City
2020-06-12,50,22043,,,,,,,1601,352,4758,31648,8203,86237,2227467,1607488,3064824,0.810340601471,US,NY,New York City
2020-06-13,33,22076,,,,,,,1551,334,4655,30447,7728,83941,2229018,1607822,3069478,0.814732757693,US,NY,New York City
2020-06-14,27,22103,,,,,,,1504,316,4585,29312,7286,81777,2230522,1608138,3074063,0.819856976961,US,NY,New York City
2020-06-15,21,22124,,,,,,,1462,300,4509,28241,6873,79733,2231984,1608439,3078571,0.825778571021,US,NY,New York City
2020-06-16,21,22145,,,,,,,1424,287,4448,27235,6489,77815,2233408,1608726,3083018,0.832547940748,US,NY,New York City
2020-06-17,26,22171,,,,,,,1390,274,4365,26291,6133,75992,2234798,1609001,3087383,0.840192413031,US,NY,New York City
2020-06-18,28,22199,,,,,,,1360,263,4319,25409,5803,74297,2236157,1609264,3091701,0.848707720688,US,NY,New York City
2020-06-19,37,22236,,,,,,,1334,253,4257,24590,5498,72707,2237491,1609518,3095958,0.858050345769,US,NY,New York City
2020-06-20,8,22244,,,,,,,1312,244,4179,23833,5216,71200,2238803,1609762,3100137,0.868132292539,US,NY,New York City
2020-06-21,34,22278,,,,,,,1293,236,4110,23136,4956,69777,2240096,1609998,3104247,0.878819914121,US,NY,New York City
2020-06-22,43,22321,,,,,,,1279,229,4120,22499,4718,68511,2241374,1610227,3108366,0.889938025499,US,NY,New York City
2020-06-23,22,22343,,,,,,,1267,223,4100,21923,4500,67365,2242642,1610450,3112465,0.901279655966,US,NY,New York City
2020-06-24,22,22365,,,,,,,1259,218,4088,21404,4302,66340,2243900,1610669,3116553,0.912620588103,US,NY,New York City
2020-06-25,,,22,6,60,22387,22371,22425,1254,212,4083,20944,4120,65437,2245154,1610881,3120635,,US,NY,New York City
2020-06-26,,,21,5,57,22408,22376,22481,1251,207,4086,20539,3954,64654,2246405,1611089,3124721,,US,NY,New York City
2020-06-27,,,20,5,54,22428,22381,22535,1251,203,4098,20188,3804,63994,2247655,1611292,3128818,,US,NY,New York City
2020-06-28,,,19,4,52,22446,22386,22586,1252,198,4115,19890,3669,63454,2248908,1611491,3132932,,US,NY,New York City
2020-06-29,,,18,4,49,22464,22390,22635,1256,195,4166,19642,3547,63036,2250164,1611686,3137098,,US,NY,New York City
2020-06-30,,,17,4,47,22481,22394,22681,1262,194,4164,19442,3442,62691,2251426,1611881,3141261,,US,NY,New York City
2020-07-01,,,16,3,45,22496,22398,22726,1269,189,4164,19288,3344,62407,2252696,1612070,3145425,,US,NY,New York City
2020-07-02,,,15,3,43,22511,22401,22768,1278,190,4166,19176,3259,62208,2253974,1612260,3149591,,US,NY,New York City
2020-07-03,,,14,3,41,22525,22405,22809,1288,185,4170,19104,3181,62060,2255262,1612445,3153760,,US,NY,New York City
2020-07-04,,,13,2,39,22538,22408,22848,1299,182,4176,19070,3109,61978,2256561,1612628,3157936,,US,NY,New York City
2020-07-05,,,12,2,38,22550,22410,22885,1312,181,4183,19070,3047,61982,2257872,1612809,3162118,,US,NY,New York City
2020-07-06,,,12,2,36,22562,22413,22921,1325,178,4191,19101,2989,62062,2259197,1612987,3166309,,US,NY,New York City
2020-07-07,,,11,2,35,22573,22415,22955,1339,176,4200,19162,2936,62142,2260537,1613163,3170508,,US,NY,New York City
2020-07-08,,,11,2,34,22584,22417,22988,1355,173,4209,19249,2886,62251,2261891,1613337,3174716,,US,NY,New York City
2020-07-09,,,10,2,33,22594,22419,23021,1371,173,4216,19361,2841,62380,2263262,1613510,3178932,,US,NY,New York City
2020-07-10,,,10,1,32,22605,22421,23053,1388,170,4227,19495,2799,62523,2264649,1613681,3183158,,US,NY,New York City
2020-07-11,,,10,1,32,22614,22423,23084,1405,168,4237,19650,2760,62675,2266055,1613850,3187395,,US,NY,New York City
2020-07-12,,,10,1,31,22624,22425,23114,1424,167,4248,19823,2724,62826,2267479,1614017,3191643,,US,NY,New York City
2020-07-13,,,9,1,31,22633,22427,23144,1443,165,4259,20014,2691,62970,2268922,1614182,3195902,,US,NY,New York City
2020-07-14,,,9,1,30,22643,22429,23174,1463,163,4285,20221,2659,63089,2270385,1614346,3200187,,US,NY,New York City
2020-07-15,,,9,1,30,22652,22430,23203,1484,162,4297,20443,2627,63222,2271869,1614508,3204483,,US,NY,New York City
2020-07-16,,,9,1,30,22661,22432,23232,1506,160,4309,20679,2598,63367,2273375,1614669,3208792,,US,NY,New York City
2020-07-17,,,9,1,29,22670,22433,23261,1528,159,4321,20929,2567,63522,2274902,1614828,3213112,,US,NY,New York City
2020-07-18,,,9,1,29,22679,22435,23290,1551,157,4332,21192,2540,63684,2276453,1614986,3217444,,US,NY,New York City
2020-07-19,,,9,1,29,22687,22436,23319,1575,157,4363,21467,2515,63871,2278028,1615143,3221807,,US,NY,New York City
2020-07-20,,,9,1,29,22696,22438,23347,1599,155,4385,21755,2489,64074,2279627,1615299,3226191,,US,NY,New York City
2020-07-21,,,9,1,29,22705,22439,23376,1624,153,4533,22054,2465,64416,2281251,1615452,3230724,,US,NY,New York City
2020-07-22,,,9,1,29,22714,22440,23404,1650,152,4633,22365,2441,64849,2282902,1615604,3235357,,US,NY,New York City
2020-07-23,,,9,1,29,22722,22442,23433,1677,150,4730,22688,2418,65371,2284579,1615755,3240087,,US,NY,New York City
2020-07-24,,,9,1,29,22731,22443,23461,1700,148,4891,23017,2392,66045,2286279,1615903,3244977,,US,NY,New York City
2020-07-25,,,9,1,29,22740,22444,23489,1724,147,5014,23353,2369,66833,2288003,1616051,3249991,,US,NY,New York City
2020-07-26,,,9,1,28,22748,22445,23517,1748,147,5161,23696,2348,67757,2289750,1616198,3255151,,US,NY,New York City
2020-07-27,,,9,1,28,22757,22446,23545,1772,144,5294,24044,2326,68802,2291522,1616343,3260445,,US,NY,New York City
2020-07-28,,,9,1,28,22766,22448,23573,1796,143,5444,24396,2304,69987,2293318,1616487,3265888,,US,NY,New York City
2020-07-29,,,9,1,28,22775,22449,23600,1819,141,5565,24752,2281,71267,2295137,1616628,3271453,,US,NY,New York City
2020-07-30,,,9,1,28,22784,22450,23628,1841,139,5680,25109,2259,72649,2296978,1616768,3277132,,US,NY,New York City
2020-07-31,,,9,1,28,22793,22451,23655,1864,137,5847,25467,2237,74187,2298842,1616906,3282978,,US,NY,New York City
2020-08-01,,,9,1,28,22802,22452,23683,1885,136,5999,25825,2214,75865,2300727,1617042,3288976,,US,NY,New York City
2020-08-02,,,9,1,28,22811,22453,23710,1907,134,6152,26181,2190,77684,2302634,1617176,3295127,,US,NY,New York City
2020-08-03,,,9,1,28,22820,22454,23737,1928,132,6305,26534,2165,79626,2304562,1617309,3301432,,US,NY,New York City
2020-08-04,,,9,1,28,22829,22455,23764,1948,130,6459,26883,2139,81700,2306510,1617439,3307891,,US,NY,New York City
2020-08-05,,,9,1,28,22839,22457,23792,1967,128,6613,27226,2114,83780,2308477,1617567,3314504,,US,NY,New York City
2020-08-06,,,9,1,28,22848,22458,23819,1987,126,6768,27562,2089,85915,2310464,1617694,3321271,,US,NY,New York City
2020-08-07,,,10,1,28,22858,22459,23846,2005,124,6909,27890,2062,88093,2312469,1617818,3328179,,US,NY,New York City
2020-08-08,,,10,0,28,22867,22460,23873,2023,122,7023,28213,2037,90226,2314491,1617941,3335202,,US,NY,New York City
2020-08-09,,,10,0,28,22877,22461,23900,2040,120,7169,28529,2010,92381,2316531,1618061,3342371,,US,NY,New York City
2020-08-10,,,10,0,27,22887,22461,23927,2056,119,7324,28837,1982,94544,2318587,1618181,3349695,,US,NY,New York City
2020-08-11,,,10,0,27,22896,22462,23954,2072,117,7479,29137,1955,96729,2320659,1618299,3357173,,US,NY,New York City
2020-08-12,,,10,0,28,22906,22463,23982,2087,116,7632,29427,1928,98917,2322746,1618415,3364804,,US,NY,New York City
2020-08-13,,,10,0,29,22917,22464,24010,2101,112,7785,29709,1899,101137,2324846,1618528,3372589,,US,NY,New York City
2020-08-14,,,10,0,29,22927,22465,24039,2114,111,7938,29982,1871,103394,2326960,1618639,3380526,,US,NY,New York City
2020-08-15,,,10,0,30,22937,22466,24068,2126,110,8089,30244,1843,105637,2329086,1618750,3388615,,US,NY,New York City
2020-08-16,,,10,0,31,22947,22467,24098,2138,109,8239,30497,1817,107878,2331224,1618859,3396854,,US,NY,New York City
2020-08-17,,,10,0,32,22958,22468,24129,2149,106,8391,30739,1789,110117,2333373,1618965,3405244,,US,NY,New York City
2020-08-18,,,11,0,32,22968,22469,24161,2159,105,8543,30970,1761,112355,2335532,1619071,3413787,,US,NY,New York City
2020-08-19,,,11,0,33,22979,22470,24193,2168,103,8694,31190,1735,114590,2337700,1619174,3422480,,US,NY,New York City
2020-08-20,,,11,0,34,22990,22470,24226,2176,98,8842,31399,1705,116818,2339876,1619273,3431321,,US,NY,New York City
2020-08-21,,,11,0,34,23001,22471,24260,2184,94,8989,31597,1674,119040,2342060,1619368,3440310,,US,NY,New York City
2020-08-22,,,11,0,35,23012,22472,24295,2192,93,9115,31783,1643,121246,2344252,1619461,3449425,,US,NY,New York City
2020-08-23,,,11,0,36,23023,22473,24331,2198,92,9262,31959,1612,123484,2346450,1619554,3458686,,US,NY,New York City
2020-08-24,,,11,0,37,23034,22474,24367,2204,89,9384,32123,1582,125699,2348654,1619643,3468070,,US,NY,New York City
2020-08-25,,,11,0,38,23045,22474,24405,2209,87,9503,32275,1550,127878,2350863,1619731,3477572,,US,NY,New York City
2020-08-26,,,12,0,39,23057,22475,24443,2213,85,9624,32417,1517,130023,2353076,1619817,3487196,,US,NY,New York City
2020-08-27,,,12,0,40,23069,22476,24482,2217,83,9767,32547,1484,132158,2355293,1619900,3496962,,US,NY,New York City
2020-08-28,,,12,0,41,23080,22477,24522,2219,81,9899,32666,1453,134272,2357512,1619981,3506860,,US,NY,New York City
2020-08-29,,,12,0,41,23092,22477,24563,2222,79,10031,32774,1420,136365,2359734,1620060,3516891,,US,NY,New York City
2020-08-30,,,12,0,42,23104,22478,24605,2224,77,10161,32871,1387,138437,2361958,1620137,3527051,,US,NY,New York City
2020-08-31,,,12,0,43,23116,22479,24648,2225,75,10254,32959,1353,140452,2364183,1620213,3537305,,US,NY,New York City
2020-09-01,,,12,0,44,23128,22480,24691,2226,73,10364,33035,1321,142425,2366408,1620287,3547669,,US,NY,New York City
2020-09-02,,,12,0,45,23141,22480,24735,2225,72,10469,33102,1288,144351,2368634,1620359,3558137,,US,NY,New York City
2020-09-03,,,12,0,46,23153,22481,24781,2225,70,10549,33159,1254,146207,2370859,1620429,3568686,,US,NY,New York City
2020-09-04,,,12,0,47,23166,22482,24827,2224,69,10659,33206,1225,148023,2373082,1620499,3579344,,US,NY,New York City
2020-09-05,,,13,0,48,23178,22482,24874,2222,67,10750,33244,1198,149785,2375305,1620566,3590094,,US,NY,New York City
2020-09-06,,,13,0,48,23191,22483,24922,2221,66,10837,33273,1171,151506,2377525,1620633,3600930,,US,NY,New York City
2020-09-07,,,13,0,49,23203,22484,24971,2218,65,10918,33294,1144,153163,2379744,1620698,3611848,,US,NY,New York City
2020-09-08,,,13,0,50,23216,22484,25020,2216,64,11039,33305,1118,154817,2381959,1620762,3622887,,US,NY,New York City
2020-09-09,,,13,0,51,23229,22485,25071,2213,62,11046,33309,1093,156361,2384172,1620825,3633932,,US,NY,New York City
2020-09-10,,,13,0,52,23242,22486,25123,2209,61,11051,33306,1070,157787,2386381,1620887,3644983,,US,NY,New York City
2020-09-11,,,13,0,53,23254,22486,25175,2206,60,11118,33294,1047,159139,2388587,1620948,3656100,,US,NY,New York City
2020-09-12,,,13,0,54,23267,22487,25228,2202,59,11147,33277,1026,160387,2390789,1621008,3667247,,US,NY,New York City
2020-09-13,,,13,0,54,23280,22487,25282,2197,58,11182,33252,1006,161538,2392986,1621067,3678428,,US,NY,New York City
2020-09-14,,,13,0,55,23293,22488,25337,2193,58,11217,33221,987,162594,2395178,1621125,3689645,,US,NY,New York City
2020-09-15,,,13,0,56,23306,22488,25393,2187,57,11247,33183,969,163587,2397366,1621182,3700892,,US,NY,New York City
2020-09-16,,,13,0,57,23319,22489,25449,2182,56,11271,33140,951,164494,2399548,1621239,3712162,,US,NY,New York City
2020-09-17,,,13,0,58,23333,22489,25506,2177,55,11289,33091,935,165314,2401725,1621294,3723450,,US,NY,New York City
2020-09-18,,,13,0,58,23346,22490,25564,2171,55,11301,33037,920,166066,2403895,1621349,3734751,,US,NY,New York City
2020-09-19,,,13,0,59,23359,22490,25622,2164,54,11308,32978,905,166715,2406060,1621404,3746059,,US,NY,New York City
2020-09-20,,,13,0,60,23372,22491,25682,2158,53,11309,32913,891,167273,2408218,1621458,3757367,,US,NY,New York City
2020-09-21,,,13,0,61,23385,22491,25742,2151,53,11303,32844,878,167740,2410369,1621511,3768670,,US,NY,New York City
2020-09-22,,,13,0,61,23398,22492,25802,2144,52,11293,32769,865,168114,2412513,1621564,3779962,,US,NY,New York City
2020-09-23,,,13,0,62,23412,22492,25864,2139,52,11296,32692,853,168371,2414651,1621616,3791257,,US,NY,New York City
2020-09-24,,,13,0,62,23425,22493,25925,2134,51,11323,32613,842,168648,2416785,1621668,3802579,,US,NY,New York City
2020-09-25,,,13,0,63,23438,22493,25988,2128,51,11340,32532,832,168937,2418913,1621719,3813919,,US,NY,New York City
2020-09-26,,,13,0,64,23451,22493,26051,2123,50,11295,32449,822,169114,2421036,1621770,3825214,,US,NY,New York City
2020-09-27,,,13,0,64,23464,22494,26115,2116,50,11298,32364,812,169265,2423152,1621821,3836511,,US,NY,New York City
2020-09-28,,,13,0,65,23477,22494,26179,2111,50,11299,32278,804,169381,2425264,1621871,3847809,,US,NY,New York City
2020-09-29,,,13,0,65,23491,22495,26243,2108,49,11389,32193,795,169553,2427371,1621921,3859198,,US,NY,New York City
2020-09-30,,,13,0,66,23504,22495,26309,2102,49,11290,32107,788,169597,2429473,1621970,3870488,,US,NY,New York City
2020-10-01,,,13,0,66,23517,22495,26374,2098,49,11388,32023,780,169714,2431571,1622019,3881876,,US,NY,New York City
2020-02-21,,,,,,,,,142,100,200,142,100,200,142,100,200,3.34919432281,US,NY,Suffolk
2020-02-22,,,,,,,,,142,100,200,284,200,400,284,200,400,3.34299325692,US,NY,Suffolk
2020-02-23,,,,,,,,,142,100,200,427,300,600,427,300,600,3.34081412866,US,NY,Suffolk
2020-02-24,,,,,,,,,142,100,200,569,400,800,569,400,800,3.33787058283,US,NY,Suffolk
2020-02-25,,,,,,,,,142,100,200,711,500,1000,711,500,1000,3.33389635081,US,NY,Suffolk
2020-02-26,,,,,,,,,142,100,200,853,600,1200,853,600,1200,3.32853446301,US,NY,Suffolk
2020-02-27,,,,,,,,,142,100,200,996,700,1400,996,700,1400,3.32130826765,US,NY,Suffolk
2020-02-28,,,,,,,,,142,100,200,1138,800,1600,1138,800,1600,3.31158482198,US,NY,Suffolk
2020-02-29,,,,,,,,,142,100,200,1280,900,1800,1280,900,1800,3.29853001595,US,NY,Suffolk
2020-03-01,,,,,,,,,609,397,923,1890,1297,2723,1890,1297,2723,3.28042488352,US,NY,Suffolk
2020-03-02,,,,,,,,,604,395,908,2494,1693,3630,2494,1693,3630,3.25706113788,US,NY,Suffolk
2020-03-03,,,,,,,,,673,437,1025,3167,2130,4655,3167,2130,4655,3.22587072104,US,NY,Suffolk
2020-03-04,,,,,,,,,812,521,1258,3978,2652,5912,3978,2652,5912,3.18498363435,US,NY,Suffolk
2020-03-05,,,,,,,,,1099,697,1731,5077,3349,7643,5077,3349,7643,3.13190045001,US,NY,Suffolk
2020-03-06,,,,,,,,,1539,972,2444,6616,4321,10087,6616,4321,10087,3.06398998719,US,NY,Suffolk
2020-03-07,,,,,,,,,1888,1202,2971,8362,5423,12857,8504,5523,13057,2.97881290651,US,NY,Suffolk
2020-03-08,,,,,,,,,2227,1437,3461,10447,6761,16118,10731,6961,16518,2.8746457921,US,NY,Suffolk
2020-03-09,,,,,,,,,2657,1746,4163,12961,8407,20080,13388,8707,20680,2.75101497418,US,NY,Suffolk
2020-03-10,,,,,,,,,3175,2140,4899,15994,10447,24778,16563,10847,25578,2.60871155135,US,NY,Suffolk
2020-03-11,,,,,,,,,3764,2430,5380,19616,12777,29958,20327,13277,30958,2.44976513596,US,NY,Suffolk
2020-03-12,,,,,,,,,4303,2480,6210,23776,15158,35968,24629,15758,37168,2.27740910892,US,NY,Suffolk
2020-03-13,,,,,,,,,4775,2538,6735,28409,17596,42502,29404,18296,43902,2.09608011143,US,NY,Suffolk
2020-03-14,,,,,,,,,5201,2535,7315,33467,20031,49617,34605,20831,51217,1.91146112117,US,NY,Suffolk
2020-03-15,,,,,,,,,5571,2502,8126,38896,22434,57543,40176,23334,59343,1.73016820863,US,NY,Suffolk
2020-03-16,2,2,,,,,,,5864,2455,8745,44151,24493,65365,46040,25790,68087,1.55900655869,US,NY,Suffolk
2020-03-17,1,3,,,,,,,6045,2412,9016,49592,26509,73473,52086,28203,77103,1.40396030927,US,NY,Suffolk
2020-03-18,0,3,,,,,,,6116,2392,9638,55035,28465,82085,58202,30595,86740,1.26926911063,US,NY,Suffolk
2020-03-19,0,3,,,,,,,6102,2364,10244,60325,30308,91071,64303,32960,96983,1.15689616666,US,NY,Suffolk
2020-03-20,4,7,,,,,,,6027,2332,10627,65253,31943,99968,70330,35293,107610,1.06651722708,US,NY,Suffolk
2020-03-21,2,9,,,,,,,5908,2297,10302,69622,33268,107825,76238,37590,117911,0.996010184595,US,NY,Suffolk
2020-03-22,0,9,,,,,,,5757,2253,9625,73491,34320,114479,81995,39843,127536,0.942252754222,US,NY,Suffolk
2020-03-23,4,13,,,,,,,5580,2196,9430,76844,35079,120447,87575,42040,136965,0.901906762198,US,NY,Suffolk
2020-03-24,4,17,,,,,,,5388,2135,8986,79574,35468,125271,92962,44175,145951,0.871939766323,US,NY,Suffolk
2020-03-25,3,20,,,,,,,5188,2085,8536,81588,35413,128908,98151,46261,154486,0.849845321073,US,NY,Suffolk
2020-03-26,2,22,,,,,,,4988,2050,8257,82812,35034,131784,103139,48312,162742,0.833662700937,US,NY,Suffolk
2020-03-27,8,30,,,,,,,4791,2018,7980,83301,34572,133554,107930,50331,170721,0.821906184695,US,NY,Suffolk
2020-03-28,0,30,,,,,,,4597,1980,7711,83123,34015,134530,112527,52311,178432,0.813470796721,US,NY,Suffolk
2020-03-29,10,40,,,,,,,4409,1937,7252,82331,33417,134467,116936,54249,185683,0.807544083182,US,NY,Suffolk
2020-03-30,0,40,,,,,,,4228,1894,6760,80988,32809,133101,121164,56144,192443,0.803532918248,US,NY,Suffolk
2020-03-31,4,44,,,,,,,4055,1867,6406,79179,32220,130763,125219,58011,198849,0.801005909499,US,NY,Suffolk
2020-04-01,9,53,,,,,,,3890,1841,6064,77024,31650,127811,129109,59853,204913,0.799649258998,US,NY,Suffolk
2020-04-02,16,69,,,,,,,3735,1817,5736,74642,31075,123908,132844,61670,210648,0.79923332756,US,NY,Suffolk
2020-04-03,15,84,,,,,,,3587,1786,5422,72127,30496,119087,136431,63457,216070,0.799587428147,US,NY,Suffolk
2020-04-04,40,124,,,,,,,3448,1757,5125,69549,29921,113585,139879,65214,221195,0.800580868181,US,NY,Suffolk
2020-04-05,51,175,,,,,,,3317,1730,4845,66957,29354,108128,143195,66944,226039,0.802108798518,US,NY,Suffolk
2020-04-06,24,199,,,,,,,3194,1704,4580,64394,28805,103083,146389,68649,230619,0.804081888331,US,NY,Suffolk
2020-04-07,64,263,,,,,,,3078,1680,4344,61892,28289,97998,149467,70329,234962,0.806419144606,US,NY,Suffolk
2020-04-08,60,323,,,,,,,2969,1660,4155,59474,27814,93167,152436,71990,239117,0.80904336826,US,NY,Suffolk
2020-04-09,39,362,,,,,,,2868,1644,4023,57153,27374,88654,155304,73635,243139,0.811878815784,US,NY,Suffolk
2020-04-10,52,414,,,,,,,2772,1630,3899,54937,26953,84296,158076,75265,247037,0.814850655148,US,NY,Suffolk
2020-04-11,44,458,,,,,,,2682,1616,3780,52829,26551,80096,160758,76882,250817,0.817885795795,US,NY,Suffolk
2020-04-12,60,518,,,,,,,2598,1608,3670,50830,26178,76054,163356,78490,254486,0.820914648331,US,NY,Suffolk
2020-04-13,50,568,,,,,,,2518,1586,3566,48939,25827,72369,165875,80077,258052,0.823873352725,US,NY,Suffolk
2020-04-14,40,608,,,,,,,2443,1496,3467,47154,25429,69076,168317,81574,261518,0.82670602632,US,NY,Suffolk
2020-04-15,45,653,,,,,,,2372,1490,3373,45470,25053,66042,170689,83064,264891,0.82936664008,US,NY,Suffolk
2020-04-16,40,693,,,,,,,2304,1476,3379,43883,24687,63357,172993,84541,268269,0.831820235319,US,NY,Suffolk
2020-04-17,0,693,,,,,,,2239,1436,3211,42388,24306,60832,175232,85977,271479,0.834043329169,US,NY,Suffolk
2020-04-18,0,693,,,,,,,2177,1415,3053,40978,23935,58463,177409,87392,274532,0.836023500701,US,NY,Suffolk
2020-04-19,0,693,,,,,,,2118,1371,2942,39649,23549,56280,179527,88764,277474,0.837758274473,US,NY,Suffolk
2020-04-20,166,859,,,,,,,2061,1323,2898,38393,23142,54333,181589,90087,280371,0.83925350336,US,NY,Suffolk
2020-04-21,29,888,,,,,,,2007,1314,2855,37207,22752,52607,183595,91401,283225,0.840521488129,US,NY,Suffolk
2020-04-22,38,926,,,,,,,1954,1288,2812,36083,22360,51074,185550,92689,286036,0.841579060092,US,NY,Suffolk
2020-04-23,33,959,,,,,,,1903,1228,2769,35016,21927,49689,187453,93918,288805,0.842445807738,US,NY,Suffolk
2020-04-24,34,993,,,,,,,1854,1169,2727,34003,21452,48393,189307,95087,291531,0.84314256604,US,NY,Suffolk
2020-04-25,49,1042,,,,,,,1806,1113,2685,33037,20935,47179,191113,96201,294216,0.843690224576,US,NY,Suffolk
2020-04-26,28,1070,,,,,,,1760,1060,2626,32114,20379,46025,192873,97261,296841,0.844108859125,US,NY,Suffolk
2020-04-27,32,1102,,,,,,,1715,1007,2538,31231,19778,44893,194588,98269,299379,0.844418104362,US,NY,Suffolk
2020-04-28,29,1131,,,,,,,1671,956,2454,30384,19148,43780,196259,99226,301832,0.844635164189,US,NY,Suffolk
2020-04-29,24,1155,,,,,,,1629,908,2372,29570,18560,42686,197887,100134,304204,0.844775839198,US,NY,Suffolk
2020-04-30,22,1177,,,,,,,1587,863,2293,28786,17933,41606,199475,100998,306496,0.844853712144,US,NY,Suffolk
2020-05-01,26,1203,,,,,,,1547,820,2242,28029,17277,40469,201022,101818,308738,0.844879471129,US,NY,Suffolk
2020-05-02,24,1227,,,,,,,1508,779,2209,27298,16620,39467,202529,102597,310946,0.844860961682,US,NY,Suffolk
2020-05-03,29,1256,,,,,,,1469,740,2175,26590,15946,38589,203999,103338,313121,0.844806265103,US,NY,Suffolk
2020-05-04,17,1273,,,,,,,1432,704,2141,25904,15278,37788,205431,104042,315261,0.844724424008,US,NY,Suffolk
2020-05-05,23,1296,,,,,,,1396,669,2108,25238,14624,36998,206826,104711,317369,0.844621615267,US,NY,Suffolk
2020-05-06,226,1522,,,,,,,1360,636,2075,24591,13946,36218,208186,105348,319443,0.844503101963,US,NY,Suffolk
2020-05-07,25,1547,,,,,,,1325,604,2041,23962,13263,35448,209511,105952,321484,0.844373395962,US,NY,Suffolk
2020-05-08,21,1568,,,,,,,1291,574,2008,23350,12608,34687,210802,106527,323492,0.844236406811,US,NY,Suffolk
2020-05-09,29,1597,,,,,,,1258,545,1975,22754,11985,33936,212060,107073,325467,0.844095577985,US,NY,Suffolk
2020-05-10,20,1617,,,,,,,1225,518,1942,22173,11390,33193,213286,107592,327408,0.843954012191,US,NY,Suffolk
2020-05-11,22,1639,,,,,,,1194,493,1910,21607,10823,32477,214479,108085,329318,0.843814588299,US,NY,Suffolk
2020-05-12,15,1654,,,,,,,1163,468,1877,21054,10284,31816,215642,108553,331194,0.843680072836,US,NY,Suffolk
2020-05-13,26,1680,,,,,,,1132,445,1844,20515,9772,31207,216774,108998,333038,0.8435532291,US,NY,Suffolk
2020-05-14,17,1697,,,,,,,1102,422,1812,19989,9286,30647,217877,109421,334850,0.843436927308,US,NY,Suffolk
2020-05-15,12,1709,,,,,,,1073,401,1780,19475,8825,30133,218950,109823,336629,0.843334259409,US,NY,Suffolk
2020-05-16,24,1733,,,,,,,1045,381,1748,18973,8386,29639,219995,110204,338376,0.843248662502,US,NY,Suffolk
2020-05-17,15,1748,,,,,,,1017,362,1716,18483,7969,29146,221012,110567,340092,0.843184055155,US,NY,Suffolk
2020-05-18,6,1754,,,,,,,990,343,1684,18003,7572,28656,222002,110910,341776,0.843144991229,US,NY,Suffolk
2020-05-19,18,1772,,,,,,,963,326,1653,17534,7194,28168,222965,111237,343429,0.843136836302,US,NY,Suffolk
2020-05-20,19,1791,,,,,,,937,309,1622,17075,6835,27681,223902,111547,345050,0.843165972209,US,NY,Suffolk
2020-05-21,11,1802,,,,,,,911,293,1591,16627,6492,27198,224813,111841,346641,0.843240035733,US,NY,Suffolk
2020-05-22,12,1814,,,,,,,886,278,1560,16188,6167,26717,225700,112119,348201,0.843368197817,US,NY,Suffolk
2020-05-23,8,1822,,,,,,,862,265,1530,15759,5857,26239,226562,112385,349730,0.843561489882,US,NY,Suffolk
2020-05-24,12,1834,,,,,,,839,252,1500,15340,5564,25764,227401,112637,351230,0.843833175597,US,NY,Suffolk
2020-05-25,6,1840,,,,,,,816,240,1471,14931,5285,25292,228217,112877,352700,0.844199133761,US,NY,Suffolk
2020-05-26,11,1851,,,,,,,794,228,1442,14532,5021,24825,229011,113106,354142,0.844678493168,US,NY,Suffolk
2020-05-27,10,1861,,,,,,,773,218,1415,14142,4771,24362,229784,113324,355556,0.845294115136,US,NY,Suffolk
2020-05-28,10,1871,,,,,,,753,208,1389,13764,4534,23907,230538,113532,356944,0.846073144653,US,NY,Suffolk
2020-05-29,8,1879,,,,,,,734,198,1364,13396,4310,23459,231272,113731,358308,0.847047752927,US,NY,Suffolk
2020-05-30,13,1892,,,,,,,716,190,1340,13038,4098,23019,231988,113922,359647,0.848255788347,US,NY,Suffolk
2020-05-31,9,1901,,,,,,,699,182,1317,12692,3899,22588,232687,114104,360964,0.849741439531,US,NY,Suffolk
2020-06-01,5,1906,,,,,,,682,174,1296,12357,3712,22168,233369,114279,362259,0.851555675683,US,NY,Suffolk
2020-06-02,3,1909,,,,,,,666,167,1274,12033,3536,21757,234035,114447,363532,0.853756492726,US,NY,Suffolk
2020-06-03,6,1915,,,,,,,652,161,1249,11722,3371,21352,234687,114608,364780,0.85640877229,US,NY,Suffolk
2020-06-04,1,1916,,,,,,,638,154,1229,11424,3216,20960,235326,114763,366009,0.859583526614,US,NY,Suffolk
2020-06-05,2,1918,,,,,,,626,148,1212,11138,3071,20581,235951,114912,367221,0.863356280876,US,NY,Suffolk
2020-06-06,5,1923,,,,,,,614,143,1193,10866,2936,20214,236566,115055,368414,0.867804311062,US,NY,Suffolk
2020-06-07,8,1931,,,,,,,604,139,1168,10608,2810,19852,237170,115195,369581,0.87300248982,US,NY,Suffolk
2020-06-08,4,1935,,,,,,,595,135,1154,10365,2692,19505,237765,115330,370734,0.879017587011,US,NY,Suffolk
2020-06-09,0,1935,,,,,,,588,131,1146,10136,2584,19180,238353,115462,371880,0.885901059033,US,NY,Suffolk
2020-06-10,6,1941,,,,,,,581,128,1137,9923,2483,18876,238934,115590,373017,0.893680687629,US,NY,Suffolk
2020-06-11,4,1945,,,,,,,576,124,1141,9726,2390,18603,239511,115715,374158,0.902351853828,US,NY,Suffolk
2020-06-12,0,1945,,,,,,,573,121,1144,9546,2304,18357,240084,115837,375301,0.911869698618,US,NY,Suffolk
2020-06-13,2,1947,,,,,,,571,119,1155,9383,2224,18148,240655,115956,376456,0.92214377701,US,NY,Suffolk
2020-06-14,1,1948,,,,,,,570,117,1170,9237,2151,17978,241225,116074,377625,0.933036869122,US,NY,Suffolk
2020-06-15,7,1955,,,,,,,571,115,1181,9110,2085,17842,241797,116189,378806,0.944369209785,US,NY,Suffolk
2020-06-16,2,1957,,,,,,,573,114,1199,9001,2025,17745,242370,116304,380004,0.955928495762,US,NY,Suffolk
2020-06-17,1,1958,,,,,,,577,113,1222,8912,1971,17694,242947,116418,381226,0.967484793977,US,NY,Suffolk
2020-06-18,3,1961,,,,,,,582,112,1253,8842,1922,17698,243529,116531,382478,0.978808268501,US,NY,Suffolk
2020-06-19,1,1962,,,,,,,588,111,1284,8792,1879,17753,244117,116642,383762,0.989686896496,US,NY,Suffolk
2020-06-20,1,1963,,,,,,,595,110,1320,8761,1841,17861,244712,116753,385081,0.999941345545,US,NY,Suffolk
2020-06-21,1,1964,,,,,,,603,110,1360,8750,1808,18028,245316,116864,386441,1.00943493596,US,NY,Suffolk
2020-06-22,1,1965,,,,,,,613,110,1404,8759,1779,18263,245929,116974,387844,1.01807781981,US,NY,Suffolk
2020-06-23,5,1970,,,,,,,623,109,1450,8786,1753,18560,246552,117083,389294,1.02582574424,US,NY,Suffolk
2020-06-24,2,1972,,,,,,,634,109,1500,8833,1731,18913,247186,117193,390793,1.03267466652,US,NY,Suffolk
2020-06-25,,,3,0,7,1975,1972,1979,646,109,1553,8898,1712,19329,247832,117302,392345,,US,NY,Suffolk
2020-06-26,,,3,0,7,1978,1973,1985,659,109,1609,8980,1696,19796,248491,117412,393954,,US,NY,Suffolk
2020-06-27,,,3,0,7,1981,1974,1991,673,109,1667,9080,1684,20320,249164,117521,395621,,US,NY,Suffolk
2020-06-28,,,3,0,7,1985,1975,1997,687,109,1730,9195,1674,20895,249850,117631,397350,,US,NY,Suffolk
2020-06-29,,,3,0,7,1988,1975,2003,702,109,1796,9327,1666,21520,250552,117740,399145,,US,NY,Suffolk
2020-06-30,,,3,0,7,1991,1976,2009,718,109,1863,9473,1660,22203,251270,117850,401008,,US,NY,Suffolk
2020-07-01,,,3,0,7,1994,1977,2015,734,110,1935,9634,1656,22938,252004,117960,402942,,US,NY,Suffolk
2020-07-02,,,3,0,7,1997,1977,2022,751,110,2009,9808,1652,23725,252755,118070,404951,,US,NY,Suffolk
2020-07-03,,,3,0,7,2001,1978,2028,769,110,2087,9995,1650,24560,253524,118181,407038,,US,NY,Suffolk
2020-07-04,,,3,0,7,2004,1979,2035,787,110,2170,10195,1649,25446,254312,118292,409207,,US,NY,Suffolk
2020-07-05,,,3,0,7,2007,1980,2041,807,111,2256,10406,1649,26382,255118,118403,411462,,US,NY,Suffolk
2020-07-06,,,3,0,7,2011,1980,2048,826,111,2345,10629,1650,27367,255945,118514,413807,,US,NY,Suffolk
2020-07-07,,,3,0,8,2014,1981,2055,847,113,2441,10863,1653,28404,256792,118627,416248,,US,NY,Suffolk
2020-07-08,,,3,0,8,2018,1982,2063,868,114,2540,11109,1658,29494,257660,118742,418788,,US,NY,Suffolk
2020-07-09,,,3,0,8,2021,1982,2070,890,115,2643,11365,1664,30637,258550,118857,421430,,US,NY,Suffolk
2020-07-10,,,4,0,8,2025,1983,2078,913,115,2748,11631,1670,31833,259463,118973,424178,,US,NY,Suffolk
2020-07-11,,,4,0,8,2028,1984,2086,936,116,2857,11909,1677,33081,260400,119089,427034,,US,NY,Suffolk
2020-07-12,,,4,0,8,2032,1984,2093,961,116,2969,12197,1684,34382,261360,119206,430002,,US,NY,Suffolk
2020-07-13,,,4,0,9,2035,1985,2102,985,116,3084,12495,1691,35737,262346,119322,433086,,US,NY,Suffolk
2020-07-14,,,4,0,9,2039,1986,2110,1011,116,3202,12805,1698,37144,263357,119439,436288,,US,NY,Suffolk
2020-07-15,,,4,0,9,2042,1986,2118,1038,117,3320,13125,1705,38600,264395,119556,439607,,US,NY,Suffolk
2020-07-16,,,4,0,9,2046,1987,2127,1065,117,3444,13456,1713,40110,265460,119674,443051,,US,NY,Suffolk
2020-07-17,,,4,0,10,2050,1988,2136,1090,117,3571,13795,1720,41671,266550,119791,446621,,US,NY,Suffolk
2020-07-18,,,4,0,10,2054,1988,2145,1116,117,3701,14142,1727,43285,267667,119908,450322,,US,NY,Suffolk
2020-07-19,,,4,0,10,2057,1989,2155,1143,117,3835,14498,1733,44950,268810,120025,454156,,US,NY,Suffolk
2020-07-20,,,4,0,10,2061,1989,2165,1170,116,3977,14861,1739,46671,269980,120142,458133,,US,NY,Suffolk
2020-07-21,,,4,0,11,2065,1990,2175,1197,116,4120,15232,1744,48446,271177,120259,462252,,US,NY,Suffolk
2020-07-22,,,4,0,11,2069,1991,2186,1224,116,4266,15609,1747,50271,272401,120375,466518,,US,NY,Suffolk
2020-07-23,,,4,0,11,2073,1991,2196,1251,115,4406,15992,1749,52137,273652,120491,470924,,US,NY,Suffolk
2020-07-24,,,4,0,12,2078,1992,2208,1278,114,4554,16379,1748,54047,274930,120606,475477,,US,NY,Suffolk
2020-07-25,,,4,0,12,2082,1992,2219,1304,113,4707,16771,1746,56006,276234,120720,480183,,US,NY,Suffolk
2020-07-26,,,4,0,12,2086,1993,2231,1331,112,4860,17166,1743,58010,277565,120833,485043,,US,NY,Suffolk
2020-07-27,,,4,0,13,2091,1994,2244,1358,112,5005,17563,1739,60046,278923,120945,490048,,US,NY,Suffolk
2020-07-28,,,4,0,13,2095,1994,2256,1384,112,5143,17962,1734,62105,280308,121057,495190,,US,NY,Suffolk
2020-07-29,,,5,0,14,2100,1995,2270,1411,111,5280,18362,1729,64183,281719,121169,500470,,US,NY,Suffolk
2020-07-30,,,5,0,14,2104,1996,2283,1437,110,5425,18761,1723,66287,283155,121280,505894,,US,NY,Suffolk
2020-07-31,,,5,0,15,2109,1996,2298,1463,109,5578,19158,1715,68421,284618,121389,511472,,US,NY,Suffolk
2020-08-01,,,5,0,15,2114,1997,2312,1488,107,5729,19556,1706,70580,286106,121497,517200,,US,NY,Suffolk
2020-08-02,,,5,0,16,2119,1997,2328,1513,106,5870,19952,1695,72749,287619,121604,523070,,US,NY,Suffolk
2020-08-03,,,5,0,16,2124,1998,2343,1538,104,6022,20347,1683,74935,289157,121708,529091,,US,NY,Suffolk
2020-08-04,,,5,0,17,2129,1999,2359,1562,103,6157,20739,1669,77116,290719,121811,535248,,US,NY,Suffolk
2020-08-05,,,5,0,17,2134,1999,2376,1586,101,6303,21128,1654,79300,292305,121913,541551,,US,NY,Suffolk
2020-08-06,,,5,0,18,2140,2000,2393,1609,99,6456,21513,1637,81489,293914,122013,548007,,US,NY,Suffolk
2020-08-07,,,5,0,18,2145,2000,2411,1632,98,6603,21894,1620,83686,295546,122111,554610,,US,NY,Suffolk
2020-08-08,,,6,0,19,2151,2001,2430,1654,96,6748,22271,1601,85881,297200,122207,561357,,US,NY,Suffolk
2020-08-09,,,6,0,19,2156,2002,2448,1676,94,6889,22642,1581,88063,298876,122301,568246,,US,NY,Suffolk
2020-08-10,,,6,0,20,2162,2002,2468,1697,92,7033,23007,1560,90236,300573,122394,575278,,US,NY,Suffolk
2020-08-11,,,6,0,21,2168,2003,2488,1717,90,7159,23366,1538,92390,302289,122484,582437,,US,NY,Suffolk
2020-08-12,,,6,0,21,2174,2003,2509,1736,88,7281,23718,1515,94528,304026,122573,589718,,US,NY,Suffolk
2020-08-13,,,6,0,22,2180,2004,2530,1755,86,7398,24063,1490,96647,305781,122660,597116,,US,NY,Suffolk
2020-08-14,,,6,0,22,2186,2004,2552,1774,85,7513,24399,1464,98735,307555,122745,604629,,US,NY,Suffolk
2020-08-15,,,6,0,23,2193,2005,2575,1791,83,7614,24728,1438,100771,309346,122828,612242,,US,NY,Suffolk
2020-08-16,,,6,0,24,2199,2006,2598,1808,82,7712,25047,1413,102753,311153,122910,619953,,US,NY,Suffolk
2020-08-17,,,6,0,24,2206,2006,2622,1824,80,7803,25358,1387,104687,312977,122991,627756,,US,NY,Suffolk
2020-08-18,,,7,0,25,2212,2007,2646,1839,79,7891,25659,1361,106556,314816,123070,635647,,US,NY,Suffolk
2020-08-19,,,7,0,25,2219,2007,2671,1853,77,7997,25950,1336,108395,316670,123148,643643,,US,NY,Suffolk
2020-08-20,,,7,0,26,2226,2008,2696,1867,76,8089,26231,1311,110181,318536,123224,651731,,US,NY,Suffolk
2020-08-21,,,7,0,26,2232,2008,2722,1880,74,8164,26502,1285,111889,320416,123299,659895,,US,NY,Suffolk
2020-08-22,,,7,0,27,2239,2009,2749,1892,73,8281,26762,1261,113567,322308,123372,668176,,US,NY,Suffolk
2020-08-23,,,7,0,28,2246,2009,2776,1903,72,8357,27011,1237,115176,324212,123445,676533,,US,NY,Suffolk
2020-08-24,,,7,0,28,2254,2010,2804,1914,71,8439,27250,1214,116726,326126,123516,684971,,US,NY,Suffolk
2020-08-25,,,7,0,29,2261,2010,2832,1924,70,8512,27477,1192,118205,328049,123586,693483,,US,NY,Suffolk
2020-08-26,,,7,0,30,2268,2011,2861,1932,69,8579,27692,1171,119624,329982,123656,702061,,US,NY,Suffolk
2020-08-27,,,8,0,30,2276,2011,2891,1940,68,8632,27896,1151,120975,331922,123724,710693,,US,NY,Suffolk
2020-08-28,,,8,0,31,2283,2012,2922,1948,67,8668,28089,1132,122244,333870,123792,719360,,US,NY,Suffolk
2020-08-29,,,8,0,32,2291,2012,2953,1954,66,8688,28269,1114,123419,335824,123859,728047,,US,NY,Suffolk
2020-08-30,,,8,0,32,2299,2013,2985,1960,66,8699,28438,1097,124504,337784,123925,736745,,US,NY,Suffolk
2020-08-31,,,8,0,33,2307,2013,3018,1965,65,8704,28595,1080,125496,339748,123991,745449,,US,NY,Suffolk
2020-09-01,,,8,0,34,2315,2014,3051,1969,64,8710,28740,1064,126403,341717,124055,754158,,US,NY,Suffolk
2020-09-02,,,8,0,34,2323,2014,3085,1972,63,8712,28873,1049,127224,343689,124119,762870,,US,NY,Suffolk
2020-09-03,,,8,0,35,2331,2014,3119,1975,63,8707,28994,1034,127935,345664,124182,771577,,US,NY,Suffolk
2020-09-04,,,8,0,35,2340,2015,3154,1976,62,8695,29104,1020,128541,347640,124245,780272,,US,NY,Suffolk
2020-09-05,,,8,0,36,2348,2015,3189,1977,61,8677,29201,1007,129054,349617,124307,788948,,US,NY,Suffolk
2020-09-06,,,8,0,36,2356,2016,3225,1977,61,8650,29286,995,129422,351595,124368,797597,,US,NY,Suffolk
2020-09-07,,,9,0,37,2365,2016,3262,1977,60,8615,29360,984,129679,353572,124429,806211,,US,NY,Suffolk
2020-09-08,,,9,0,37,2374,2016,3298,1976,60,8572,29422,973,129812,355547,124489,814783,,US,NY,Suffolk
2020-09-09,,,9,0,38,2382,2017,3336,1974,59,8521,29472,962,129821,357521,124549,823303,,US,NY,Suffolk
2020-09-10,,,9,0,38,2391,2017,3373,1971,59,8463,29511,951,129705,359492,124608,831765,,US,NY,Suffolk
2020-09-11,,,9,0,39,2400,2018,3411,1968,58,8398,29538,941,129471,361460,124666,840163,,US,NY,Suffolk
2020-09-12,,,9,0,39,2409,2018,3450,1964,58,8324,29554,932,129127,363424,124724,848487,,US,NY,Suffolk
2020-09-13,,,9,0,40,2418,2018,3489,1959,57,8254,29558,922,128693,365382,124782,856740,,US,NY,Suffolk
2020-09-14,,,9,0,40,2427,2019,3528,1953,57,8207,29552,914,128201,367336,124840,864946,,US,NY,Suffolk
2020-09-15,,,9,0,40,2436,2019,3568,1947,56,8110,29535,905,127606,369283,124896,873055,,US,NY,Suffolk
2020-09-16,,,9,0,41,2445,2019,3608,1941,56,8013,29507,897,126910,371224,124953,881067,,US,NY,Suffolk
2020-09-17,,,9,0,41,2454,2020,3649,1933,56,7910,29468,889,126107,373157,125009,888977,,US,NY,Suffolk
2020-09-18,,,9,0,41,2463,2020,3690,1925,55,7801,29419,882,125201,375083,125065,896777,,US,NY,Suffolk
2020-09-19,,,9,0,41,2472,2020,3730,1917,55,7686,29359,875,124192,376999,125121,904463,,US,NY,Suffolk
2020-09-20,,,9,0,41,2482,2021,3771,1908,55,7567,29290,868,123082,378907,125176,912029,,US,NY,Suffolk
2020-09-21,,,9,0,41,2491,2021,3812,1898,54,7442,29211,862,121874,380806,125231,919471,,US,NY,Suffolk
2020-09-22,,,9,0,41,2500,2021,3853,1888,54,7312,29122,856,120572,382694,125285,926783,,US,NY,Suffolk
2020-09-23,,,9,0,42,2510,2022,3894,1879,54,7175,29026,850,119175,384573,125339,933957,,US,NY,Suffolk
2020-09-24,,,9,0,42,2519,2022,3935,1870,54,7098,28922,845,117752,386443,125394,941054,,US,NY,Suffolk
2020-09-25,,,9,0,42,2528,2022,3976,1861,53,7017,28812,839,116306,388304,125448,948071,,US,NY,Suffolk
2020-09-26,,,9,0,41,2538,2022,4017,1851,53,6902,28695,834,114810,390155,125501,954972,,US,NY,Suffolk
2020-09-27,,,9,0,41,2547,2023,4058,1840,53,6797,28571,830,113283,391995,125555,961769,,US,NY,Suffolk
2020-09-28,,,9,0,41,2556,2023,4099,1831,53,6706,28444,825,111735,393826,125608,968474,,US,NY,Suffolk
2020-09-29,,,9,0,41,2566,2023,4139,1821,52,6656,28312,821,110185,395647,125661,975130,,US,NY,Suffolk
2020-09-30,,,9,0,41,2575,2024,4180,1812,53,6651,28176,817,108727,397460,125714,981781,,US,NY,Suffolk
2020-10-01,,,9,0,41,2584,2024,4220,1802,52,6618,28038,813,107332,399262,125767,988399,,US,NY,Suffolk
2020-02-29,,,,,,,,,326,200,400,326,200,400,326,200,400,4.41215392607,US,NY,Westchester
2020-03-01,,,,,,,,,326,200,400,651,400,800,651,400,800,4.3770246807,US,NY,Westchester
2020-03-02,,,,,,,,,326,200,400,977,600,1200,977,600,1200,4.36473215315,US,NY,Westchester
2020-03-03,,,,,,,,,326,200,400,1303,800,1600,1303,800,1600,4.3482044158,US,NY,Westchester
2020-03-04,,,,,,,,,326,200,400,1628,1000,2000,1628,1000,2000,4.32604199264,US,NY,Westchester
2020-03-05,,,,,,,,,326,200,400,1954,1200,2400,1954,1200,2400,4.29642852923,US,NY,Westchester
2020-03-06,,,,,,,,,326,200,400,2279,1400,2800,2279,1400,2800,4.25703728724,US,NY,Westchester
2020-03-07,,,,,,,,,326,200,400,2605,1600,3200,2605,1600,3200,4.20493763823,US,NY,Westchester
2020-03-08,,,,,,,,,326,200,400,2931,1800,3600,2931,1800,3600,4.13652121332,US,NY,Westchester
2020-03-09,,,,,,,,,1630,990,2241,4561,2790,5841,4561,2790,5841,4.04478050006,US,NY,Westchester
2020-03-10,,,,,,,,,1585,983,2189,6146,3773,8029,6146,3773,8029,3.92994816042,US,NY,Westchester
2020-03-11,,,,,,,,,1775,1116,2508,7921,4889,10537,7921,4889,10537,3.78300964041,US,NY,Westchester
2020-03-12,,,,,,,,,2153,1335,3107,10074,6225,13643,10074,6225,13643,3.60017755457,US,NY,Westchester
2020-03-13,,,,,,,,,2915,1853,4254,12989,8078,17896,12989,8078,17896,3.37717088779,US,NY,Westchester
2020-03-14,,,,,,,,,3985,2264,5749,16974,10342,23645,16974,10342,23645,3.1128592653,US,NY,Westchester
2020-03-15,,,,,,,,,4615,2285,6409,21263,12428,29653,21589,12628,30053,2.8116127383,US,NY,Westchester
2020-03-16,,,,,,,,,5050,2296,7124,25987,14525,36376,26638,14925,37176,2.48538837838,US,NY,Westchester
2020-03-17,,,,,,,,,5490,2257,7924,31151,16583,43899,32128,17183,45099,2.1534881447,US,NY,Westchester
2020-03-18,,,,,,,,,5872,2302,8900,36697,18685,52399,38000,19485,53999,1.83796457104,US,NY,Westchester
2020-03-19,,,,,,,,,6143,2377,9488,42515,20863,61486,44143,21863,63486,1.55797688467,US,NY,Westchester
2020-03-20,,,,,,,,,6147,2401,10276,48337,23065,71362,50290,24265,73762,1.32520581409,US,NY,Westchester
2020-03-21,,,,,,,,,5976,2383,10390,53987,25249,81351,56267,26649,84151,1.14248924927,US,NY,Westchester
2020-03-22,,,,,,,,,5745,2352,9896,59407,27401,90846,62012,29001,94046,1.00569871642,US,NY,Westchester
2020-03-23,,,,,,,,,5498,2321,9235,64579,29522,99681,67510,31322,103281,0.906888641074,US,NY,Westchester
2020-03-24,1,1,,,,,,,5246,2296,8540,68195,30829,105980,72756,33619,111820,0.837226224877,US,NY,Westchester
2020-03-25,0,1,,,,,,,4977,2267,8040,71586,32113,111831,77732,35887,119860,0.788809488855,US,NY,Westchester
2020-03-26,0,1,,,,,,,4693,2231,7539,74505,33228,116862,82426,38118,127398,0.75537747038,US,NY,Westchester
2020-03-27,0,1,,,,,,,4414,2189,7042,76767,34082,120797,86840,40308,134439,0.732328831841,US,NY,Westchester
2020-03-28,9,10,,,,,,,4150,2148,6568,78001,34377,123111,90990,42456,141007,0.71642975368,US,NY,Westchester
2020-03-29,0,10,,,,,,,3905,2110,6149,77920,34224,123511,94894,44566,147155,0.705463752794,US,NY,Westchester
2020-03-30,0,10,,,,,,,3676,2071,5777,76981,34009,122880,98570,46638,152932,0.697931795864,US,NY,Westchester
2020-03-31,0,10,,,,,,,3460,2033,5436,75392,33746,121192,102031,48671,158367,0.692825898709,US,NY,Westchester
2020-04-01,15,25,,,,,,,3258,1995,4973,73161,33484,118241,105289,50667,163340,0.689469841896,US,NY,Westchester
2020-04-02,39,64,,,,,,,3070,1958,4637,70360,33140,113978,108359,52626,167977,0.687409408163,US,NY,Westchester
2020-04-03,3,67,,,,,,,2897,1926,4326,67114,32689,108817,111257,54552,172303,0.686337796797,US,NY,Westchester
2020-04-04,0,67,,,,,,,2738,1885,4039,63705,32172,102580,113995,56437,176341,0.686045582779,US,NY,Westchester
2020-04-05,0,67,,,,,,,2592,1870,3749,60320,31658,95939,116587,58307,180090,0.686386969435,US,NY,Westchester
2020-04-06,144,211,,,,,,,2456,1853,3521,57031,31159,89565,119043,60161,183611,0.687256816331,US,NY,Westchester
2020-04-07,0,211,,,,,,,2332,1773,3317,53865,30612,83647,121375,61935,186927,0.688574647499,US,NY,Westchester
2020-04-08,72,283,,,,,,,2217,1651,3151,50836,29967,78259,123592,63586,190078,0.690273409296,US,NY,Westchester
2020-04-09,76,359,,,,,,,2112,1538,2996,47971,29237,73215,125704,65124,193074,0.692291831457,US,NY,Westchester
2020-04-10,30,389,,,,,,,2015,1446,2852,45292,28453,68528,127718,66571,195925,0.694569667918,US,NY,Westchester
2020-04-11,72,461,,,,,,,1926,1420,2717,42804,27683,64204,129644,67991,198642,0.697045319226,US,NY,Westchester
2020-04-12,50,511,,,,,,,1843,1350,2563,40497,26885,60199,131487,69342,201205,0.699655381494,US,NY,Westchester
2020-04-13,46,557,,,,,,,1767,1250,2442,38360,26026,56492,133254,70592,203647,0.702335673639,US,NY,Westchester
2020-04-14,39,596,,,,,,,1697,1160,2364,36381,25114,53079,134951,71753,206011,0.705023293474,US,NY,Westchester
2020-04-15,44,640,,,,,,,1632,1079,2263,34552,24160,49906,136583,72832,208273,0.707659215657,US,NY,Westchester
2020-04-16,28,668,,,,,,,1571,1005,2213,32865,23170,47146,138154,73838,210486,0.710190932948,US,NY,Westchester
2020-04-17,0,668,,,,,,,1514,950,2140,31309,22162,44649,139668,74788,212625,0.712574687412,US,NY,Westchester
2020-04-18,0,668,,,,,,,1461,903,2117,29873,21139,42439,141130,75691,214741,0.714776955395,US,NY,Westchester
2020-04-19,0,668,,,,,,,1412,860,2084,28546,20114,40484,142541,76552,216825,0.716775021807,US,NY,Westchester
2020-04-20,108,776,,,,,,,1365,820,2020,27319,19064,38755,143906,77372,218845,0.718556655912,US,NY,Westchester
2020-04-21,33,809,,,,,,,1320,783,1999,26183,17995,37233,145226,78156,220843,0.720119042627,US,NY,Westchester
2020-04-22,29,838,,,,,,,1278,749,1975,25130,16971,35891,146505,78906,222817,0.721467206738,US,NY,Westchester
2020-04-23,25,863,,,,,,,1239,718,1953,24151,16038,34692,147743,79624,224770,0.722612189387,US,NY,Westchester
2020-04-24,28,891,,,,,,,1201,688,1931,23240,15188,33627,148944,80313,226700,0.723569209722,US,NY,Westchester
2020-04-25,29,920,,,,,,,1164,661,1898,22390,14402,32673,150108,80974,228598,0.724355987736,US,NY,Westchester
2020-04-26,26,946,,,,,,,1130,629,1860,21594,13611,31816,151238,81603,230458,0.724991336491,US,NY,Westchester
2020-04-27,16,962,,,,,,,1096,595,1834,20847,12856,31086,152334,82198,232291,0.725494068531,US,NY,Westchester
2020-04-28,21,983,,,,,,,1064,563,1805,20144,12169,30449,153398,82761,234095,0.725883219989,US,NY,Westchester
2020-04-29,23,1006,,,,,,,1033,533,1772,19480,11542,29856,154431,83295,235866,0.726176204935,US,NY,Westchester
2020-04-30,25,1031,,,,,,,1004,506,1738,18852,10969,29331,155435,83802,237604,0.726390664429,US,NY,Westchester
2020-05-01,18,1049,,,,,,,975,480,1713,18256,10444,28831,156410,84282,239316,0.726538880873,US,NY,Westchester
2020-05-02,18,1067,,,,,,,947,457,1691,17689,9951,28383,157357,84739,241007,0.726628290014,US,NY,Westchester
2020-05-03,19,1086,,,,,,,920,434,1669,17148,9482,27935,158277,85174,242676,0.726669056309,US,NY,Westchester
2020-05-04,15,1101,,,,,,,894,414,1647,16630,9036,27498,159171,85588,244322,0.726672268429,US,NY,Westchester
2020-05-05,15,1116,,,,,,,869,394,1624,16134,8610,27102,160040,85983,245946,0.726645951413,US,NY,Westchester
2020-05-06,51,1167,,,,,,,844,376,1601,15658,8203,26704,160884,86359,247546,0.726596696671,US,NY,Westchester
2020-05-07,17,1184,,,,,,,820,359,1577,15199,7812,26306,161704,86719,249123,0.726530168001,US,NY,Westchester
2020-05-08,7,1191,,,,,,,797,342,1554,14758,7437,25907,162501,87061,250676,0.726451266275,US,NY,Westchester
2020-05-09,12,1203,,,,,,,774,327,1530,14331,7076,25506,163275,87389,252206,0.726364284236,US,NY,Westchester
2020-05-10,15,1218,,,,,,,752,313,1505,13918,6728,25113,164026,87702,253711,0.726273051107,US,NY,Westchester
2020-05-11,9,1227,,,,,,,730,299,1481,13519,6398,24734,164756,88001,255191,0.72618106839,US,NY,Westchester
2020-05-12,11,1238,,,,,,,708,286,1456,13131,6089,24356,165465,88287,256646,0.72609163913,US,NY,Westchester
2020-05-13,7,1245,,,,,,,688,273,1431,12754,5799,23982,166152,88561,258077,0.726007993448,US,NY,Westchester
2020-05-14,11,1256,,,,,,,667,261,1398,12388,5527,23609,166820,88823,259474,0.725933413708,US,NY,Westchester
2020-05-15,13,1269,,,,,,,647,250,1362,12032,5271,23232,167467,89073,260835,0.725871363085,US,NY,Westchester
2020-05-16,6,1275,,,,,,,627,239,1343,11684,5030,22862,168094,89313,262178,0.725825621676,US,NY,Westchester
2020-05-17,14,1289,,,,,,,608,229,1318,11345,4802,22489,168702,89542,263496,0.725800434728,US,NY,Westchester
2020-05-18,6,1295,,,,,,,589,218,1293,11014,4586,22113,169292,89761,264788,0.725800677917,US,NY,Westchester
2020-05-19,3,1298,,,,,,,571,209,1267,10691,4381,21733,169862,89970,266055,0.725832045076,US,NY,Westchester
2020-05-20,7,1305,,,,,,,552,199,1240,10374,4186,21349,170414,90169,267294,0.725901264258,US,NY,Westchester
2020-05-21,8,1313,,,,,,,534,190,1214,10064,4000,20963,170948,90360,268508,0.726016348485,US,NY,Westchester
2020-05-22,6,1319,,,,,,,516,181,1189,9760,3822,20574,171465,90541,269696,0.726186887929,US,NY,Westchester
2020-05-23,8,1327,,,,,,,499,173,1163,9463,3652,20183,171964,90714,270859,0.726424390416,US,NY,Westchester
2020-05-24,10,1337,,,,,,,482,164,1137,9170,3489,19790,172445,90879,271995,0.726742676881,US,NY,Westchester
2020-05-25,6,1343,,,,,,,465,155,1111,8884,3332,19395,172910,91035,273105,0.727158337417,US,NY,Westchester
2020-05-26,2,1345,,,,,,,448,148,1085,8602,3182,18999,173358,91184,274189,0.727691251433,US,NY,Westchester
2020-05-27,7,1352,,,,,,,432,140,1059,8325,3036,18602,173790,91324,275247,0.728365171537,US,NY,Westchester
2020-05-28,5,1357,,,,,,,416,132,1033,8053,2895,18203,174205,91457,276280,0.72920836428,US,NY,Westchester
2020-05-29,2,1359,,,,,,,400,124,1007,7785,2758,17812,174605,91581,277286,0.730254290753,US,NY,Westchester
2020-05-30,5,1364,,,,,,,384,117,981,7522,2625,17431,174989,91698,278266,0.731542294894,US,NY,Westchester
2020-05-31,7,1371,,,,,,,369,110,955,7263,2495,17044,175358,91809,279221,0.733118245792,US,NY,Westchester
2020-06-01,3,1374,,,,,,,354,104,930,7009,2370,16655,175711,91913,280151,0.735035050956,US,NY,Westchester
2020-06-02,4,1378,,,,,,,339,97,907,6759,2249,16270,176050,92010,281057,0.737352919605,US,NY,Westchester
2020-06-03,3,1381,,,,,,,325,91,881,6513,2131,15884,176375,92102,281938,0.740139209559,US,NY,Westchester
2020-06-04,4,1385,,,,,,,311,86,856,6272,2018,15499,176686,92188,282793,0.743467641887,US,NY,Westchester
2020-06-05,4,1389,,,,,,,298,81,831,6035,1910,15116,176984,92270,283623,0.747416622892,US,NY,Westchester
2020-06-06,3,1392,,,,,,,286,78,805,5805,1806,14732,177270,92348,284428,0.752066322964,US,NY,Westchester
2020-06-07,0,1392,,,,,,,277,74,784,5583,1708,14353,177547,92422,285211,0.757494450016,US,NY,Westchester
2020-06-08,3,1395,,,,,,,268,71,766,5370,1614,13983,177815,92494,285977,0.763770040458,US,NY,Westchester
2020-06-09,0,1395,,,,,,,260,68,750,5165,1527,13622,178075,92562,286726,0.770946263045,US,NY,Westchester
2020-06-10,4,1399,,,,,,,253,66,735,4970,1444,13272,178328,92628,287461,0.779052122261,US,NY,Westchester
2020-06-11,1,1400,,,,,,,246,64,721,4784,1367,12935,178574,92692,288182,0.788083029108,US,NY,Westchester
2020-06-12,2,1402,,,,,,,241,62,712,4610,1297,12614,178815,92754,288893,0.797992665778,US,NY,Westchester
2020-06-13,2,1404,,,,,,,237,60,704,4447,1233,12311,179052,92815,289597,0.808687426432,US,NY,Westchester
2020-06-14,0,1404,,,,,,,233,59,700,4296,1175,12030,179285,92874,290296,0.820025223506,US,NY,Westchester
2020-06-15,1,1405,,,,,,,230,58,698,4157,1124,11773,179515,92933,290994,0.831819913582,US,NY,Westchester
2020-06-16,0,1405,,,,,,,228,58,704,4032,1078,11547,179743,92991,291698,0.843851636568,US,NY,Westchester
2020-06-17,2,1407,,,,,,,227,57,718,3919,1038,11358,179970,93049,292415,0.855882239102,US,NY,Westchester
2020-06-18,3,1410,,,,,,,226,57,734,3820,1005,11211,180195,93107,293148,0.867673630929,US,NY,Westchester
2020-06-19,0,1410,,,,,,,225,56,752,3735,975,11106,180421,93164,293899,0.879006142457,US,NY,Westchester
2020-06-20,3,1413,,,,,,,225,55,771,3662,949,11046,180646,93219,294669,0.889693961761,US,NY,Westchester
2020-06-21,1,1414,,,,,,,226,54,788,3602,926,11029,180872,93274,295457,0.899595468819,US,NY,Westchester
2020-06-22,1,1415,,,,,,,227,54,798,3552,906,11044,181099,93329,296254,0.90861757084,US,NY,Westchester
2020-06-23,1,1416,,,,,,,228,53,809,3512,888,11086,181327,93382,297063,0.916714423404,US,NY,Westchester
2020-06-24,0,1416,,,,,,,230,52,821,3482,873,11158,181557,93435,297884,0.923881853952,US,NY,Westchester
2020-06-25,,,2,0,5,1418,1416,1421,232,52,834,3461,859,11257,181789,93488,298718,,US,NY,Westchester
2020-06-26,,,2,0,5,1419,1416,1425,234,51,848,3449,847,11384,182023,93539,299565,,US,NY,Westchester
2020-06-27,,,2,0,5,1421,1417,1430,236,51,863,3444,836,11534,182259,93591,300427,,US,NY,Westchester
2020-06-28,,,2,0,5,1422,1417,1434,239,51,878,3446,827,11708,182498,93643,301305,,US,NY,Westchester
2020-06-29,,,2,0,5,1424,1418,1438,242,51,893,3455,819,11902,182740,93694,302198,,US,NY,Westchester
2020-06-30,,,2,0,5,1425,1418,1442,245,51,910,3469,812,12113,182984,93746,303107,,US,NY,Westchester
2020-07-01,,,1,0,5,1427,1419,1447,248,51,926,3489,806,12335,183232,93798,304032,,US,NY,Westchester
2020-07-02,,,1,0,5,1428,1419,1451,251,51,943,3513,799,12561,183483,93849,304975,,US,NY,Westchester
2020-07-03,,,1,0,5,1430,1419,1455,254,50,961,3542,792,12788,183737,93899,305936,,US,NY,Westchester
2020-07-04,,,1,0,5,1431,1420,1459,258,49,979,3575,785,13016,183995,93949,306914,,US,NY,Westchester
2020-07-05,,,1,0,5,1433,1420,1464,262,49,997,3611,779,13242,184257,93999,307911,,US,NY,Westchester
2020-07-06,,,1,0,5,1434,1420,1468,265,48,1016,3650,773,13470,184522,94048,308926,,US,NY,Westchester
2020-07-07,,,1,0,5,1436,1421,1472,269,48,1035,3693,767,13707,184792,94096,309961,,US,NY,Westchester
2020-07-08,,,1,0,5,1437,1421,1477,273,47,1054,3738,761,13952,185065,94144,311014,,US,NY,Westchester
2020-07-09,,,1,0,5,1439,1422,1481,277,47,1074,3785,756,14204,185342,94192,312088,,US,NY,Westchester
2020-07-10,,,1,0,5,1440,1422,1486,282,46,1094,3835,750,14464,185624,94238,313181,,US,NY,Westchester
2020-07-11,,,1,0,5,1441,1422,1491,286,46,1114,3888,745,14730,185910,94285,314294,,US,NY,Westchester
2020-07-12,,,1,0,5,1443,1423,1496,291,45,1135,3942,739,15002,186201,94331,315428,,US,NY,Westchester
2020-07-13,,,1,0,5,1444,1423,1500,295,45,1155,3998,733,15279,186496,94376,316583,,US,NY,Westchester
2020-07-14,,,1,0,5,1446,1423,1505,300,45,1177,4057,727,15562,186796,94422,317759,,US,NY,Westchester
2020-07-15,,,1,0,5,1447,1424,1510,305,44,1198,4117,720,15850,187101,94466,318957,,US,NY,Westchester
2020-07-16,,,1,0,5,1448,1424,1515,310,44,1220,4179,713,16144,187411,94511,320176,,US,NY,Westchester
2020-07-17,,,1,0,5,1450,1424,1520,314,44,1237,4242,706,16437,187725,94555,321412,,US,NY,Westchester
2020-07-18,,,1,0,6,1451,1425,1525,318,43,1254,4306,699,16730,188044,94598,322665,,US,NY,Westchester
2020-07-19,,,1,0,6,1453,1425,1530,323,43,1271,4371,692,17022,188366,94642,323935,,US,NY,Westchester
2020-07-20,,,1,0,6,1454,1425,1535,327,42,1287,4437,685,17312,188694,94684,325222,,US,NY,Westchester
2020-07-21,,,1,0,6,1455,1425,1541,332,42,1303,4503,679,17599,189025,94727,326525,,US,NY,Westchester
2020-07-22,,,1,0,6,1457,1426,1546,336,42,1317,4570,672,17881,189361,94769,327841,,US,NY,Westchester
2020-07-23,,,1,0,6,1458,1426,1551,340,41,1332,4636,666,18159,189701,94811,329173,,US,NY,Westchester
2020-07-24,,,1,0,6,1460,1426,1557,344,41,1348,4703,660,18433,190045,94852,330520,,US,NY,Westchester
2020-07-25,,,1,0,6,1461,1427,1562,348,40,1366,4769,654,18705,190393,94893,331886,,US,NY,Westchester
2020-07-26,,,1,0,6,1463,1427,1568,352,40,1389,4834,648,18980,190745,94933,333274,,US,NY,Westchester
2020-07-27,,,1,0,6,1464,1427,1573,355,40,1414,4899,643,19260,191100,94974,334687,,US,NY,Westchester
2020-07-28,,,1,0,6,1466,1428,1579,359,39,1440,4963,637,19544,191459,95014,336127,,US,NY,Westchester
2020-07-29,,,2,0,6,1467,1428,1585,362,39,1468,5025,631,19836,191821,95053,337594,,US,NY,Westchester
2020-07-30,,,2,0,6,1469,1428,1591,366,39,1490,5086,626,20127,192187,95093,339083,,US,NY,Westchester
2020-07-31,,,2,0,6,1470,1428,1597,369,38,1514,5145,620,20421,192556,95132,340597,,US,NY,Westchester
2020-08-01,,,2,0,7,1472,1429,1603,372,38,1536,5203,615,20721,192928,95170,342132,,US,NY,Westchester
2020-08-02,,,2,0,7,1473,1429,1609,375,38,1553,5259,609,21020,193303,95208,343685,,US,NY,Westchester
2020-08-03,,,2,0,7,1475,1429,1615,378,37,1565,5314,604,21314,193680,95246,345249,,US,NY,Westchester
2020-08-04,,,2,0,7,1476,1429,1621,380,37,1580,5367,599,21607,194061,95284,346829,,US,NY,Westchester
2020-08-05,,,2,0,7,1478,1430,1628,383,37,1607,5418,594,21912,194443,95321,348436,,US,NY,Westchester
2020-08-06,,,2,0,7,1480,1430,1634,385,36,1639,5467,589,22234,194828,95358,350075,,US,NY,Westchester
2020-08-07,,,2,0,7,1481,1430,1640,387,36,1671,5514,584,22573,195215,95395,351745,,US,NY,Westchester
2020-08-08,,,2,0,7,1483,1430,1647,389,36,1703,5559,579,22928,195605,95431,353448,,US,NY,Westchester
2020-08-09,,,2,0,7,1485,1431,1654,391,36,1727,5602,574,23289,195995,95467,355174,,US,NY,Westchester
2020-08-10,,,2,0,7,1486,1431,1660,393,35,1755,5643,569,23655,196388,95503,356929,,US,NY,Westchester
2020-08-11,,,2,0,7,1488,1431,1667,394,35,1778,5682,564,24020,196782,95539,358707,,US,NY,Westchester
2020-08-12,,,2,0,7,1490,1431,1674,396,35,1804,5719,560,24383,197178,95574,360510,,US,NY,Westchester
2020-08-13,,,2,0,7,1492,1431,1680,397,35,1830,5753,555,24746,197575,95609,362340,,US,NY,Westchester
2020-08-14,,,2,0,7,1493,1432,1687,398,34,1857,5786,550,25113,197973,95644,364196,,US,NY,Westchester
2020-08-15,,,2,0,7,1495,1432,1694,399,34,1883,5816,546,25482,198371,95678,366078,,US,NY,Westchester
2020-08-16,,,2,0,7,1497,1432,1701,400,34,1908,5843,542,25854,198771,95713,367986,,US,NY,Westchester
2020-08-17,,,2,0,8,1499,1432,1708,400,34,1933,5869,538,26235,199172,95747,369919,,US,NY,Westchester
2020-08-18,,,2,0,8,1500,1432,1715,401,34,1957,5892,534,26626,199573,95781,371875,,US,NY,Westchester
2020-08-19,,,2,0,8,1502,1433,1722,402,33,1980,5914,530,27027,199974,95815,373855,,US,NY,Westchester
2020-08-20,,,2,0,8,1504,1433,1730,402,33,2002,5933,527,27422,200376,95848,375857,,US,NY,Westchester
2020-08-21,,,2,0,8,1506,1433,1737,402,33,2021,5950,523,27803,200778,95882,377877,,US,NY,Westchester
2020-08-22,,,2,0,8,1508,1433,1745,402,33,2039,5965,520,28171,201180,95915,379915,,US,NY,Westchester
2020-08-23,,,2,0,8,1509,1433,1752,402,33,2056,5978,517,28523,201583,95948,381971,,US,NY,Westchester
2020-08-24,,,2,0,8,1511,1434,1760,402,32,2071,5989,513,28868,201985,95981,384041,,US,NY,Westchester
2020-08-25,,,2,0,8,1513,1434,1767,402,32,2086,5999,510,29199,202387,96014,386127,,US,NY,Westchester
2020-08-26,,,2,0,8,1515,1434,1775,402,32,2100,6006,507,29520,202788,96046,388227,,US,NY,Westchester
2020-08-27,,,2,0,8,1517,1434,1783,401,32,2113,6012,504,29829,203189,96079,390339,,US,NY,Westchester
2020-08-28,,,2,0,8,1519,1434,1791,401,32,2124,6016,501,30123,203590,96111,392462,,US,NY,Westchester
2020-08-29,,,2,0,8,1521,1435,1799,400,32,2134,6018,499,30401,203990,96143,394596,,US,NY,Westchester
2020-08-30,,,2,0,9,1522,1435,1807,399,31,2158,6018,496,30676,204390,96175,396754,,US,NY,Westchester
2020-08-31,,,2,0,9,1524,1435,1815,399,31,2174,6017,493,30942,204789,96206,398927,,US,NY,Westchester
2020-09-01,,,2,0,9,1526,1435,1823,398,31,2189,6015,491,31198,205186,96238,401116,,US,NY,Westchester
2020-09-02,,,2,0,9,1528,1435,1832,397,31,2203,6011,488,31444,205583,96269,403319,,US,NY,Westchester
2020-09-03,,,2,0,9,1530,1435,1840,396,31,2216,6005,486,31680,205979,96301,405534,,US,NY,Westchester
2020-09-04,,,2,0,9,1532,1436,1849,395,31,2228,5998,483,31906,206374,96332,407762,,US,NY,Westchester
2020-09-05,,,2,0,9,1534,1436,1858,394,31,2239,5990,481,32125,206768,96363,410001,,US,NY,Westchester
2020-09-06,,,2,0,9,1535,1436,1866,393,31,2250,5980,479,32335,207161,96394,412250,,US,NY,Westchester
2020-09-07,,,2,0,10,1537,1436,1875,391,30,2261,5970,476,32541,207552,96425,414511,,US,NY,Westchester
2020-09-08,,,2,0,10,1539,1436,1885,390,30,2272,5958,474,32742,207942,96456,416783,,US,NY,Westchester
2020-09-09,,,2,0,10,1541,1436,1894,389,30,2279,5944,473,32935,208331,96487,419061,,US,NY,Westchester
2020-09-10,,,2,0,10,1543,1437,1903,387,30,2282,5930,471,33117,208718,96518,421343,,US,NY,Westchester
2020-09-11,,,2,0,10,1545,1437,1913,386,30,2284,5915,469,33288,209104,96548,423626,,US,NY,Westchester
2020-09-12,,,2,0,10,1547,1437,1922,384,30,2284,5898,468,33448,209488,96579,425910,,US,NY,Westchester
2020-09-13,,,2,0,10,1549,1437,1932,383,30,2284,5881,466,33597,209871,96610,428193,,US,NY,Westchester
2020-09-14,,,2,0,10,1551,1437,1942,381,30,2282,5862,465,33721,210252,96640,430475,,US,NY,Westchester
2020-09-15,,,2,0,10,1553,1437,1951,379,30,2280,5843,464,33828,210632,96671,432754,,US,NY,Westchester
2020-09-16,,,2,0,10,1554,1437,1961,378,30,2278,5823,463,33916,211010,96701,435032,,US,NY,Westchester
2020-09-17,,,2,0,10,1556,1438,1971,376,30,2274,5802,462,33986,211386,96732,437305,,US,NY,Westchester
2020-09-18,,,2,0,10,1558,1438,1981,374,30,2270,5781,461,34040,211760,96762,439574,,US,NY,Westchester
2020-09-19,,,2,0,11,1560,1438,1991,372,30,2267,5758,460,34078,212132,96793,441840,,US,NY,Westchester
2020-09-20,,,2,0,11,1562,1438,2001,371,30,2263,5735,460,34101,212503,96823,444102,,US,NY,Westchester
2020-09-21,,,2,0,11,1564,1438,2012,369,30,2258,5711,459,34109,212872,96854,446359,,US,NY,Westchester
2020-09-22,,,2,0,11,1566,1438,2022,367,30,2255,5687,459,34103,213239,96884,448614,,US,NY,Westchester
2020-09-23,,,2,0,11,1568,1439,2032,365,30,2253,5662,458,34084,213604,96915,450866,,US,NY,Westchester
2020-09-24,,,2,0,11,1570,1439,2043,364,30,2252,5637,458,34057,213968,96945,453118,,US,NY,Westchester
2020-09-25,,,2,0,11,1572,1439,2053,362,30,2253,5612,457,34028,214330,96975,455370,,US,NY,Westchester
2020-09-26,,,2,0,11,1573,1439,2064,361,30,2250,5587,457,33994,214691,97006,457620,,US,NY,Westchester
2020-09-27,,,2,0,11,1575,1439,2074,359,30,2250,5561,457,33960,215050,97036,459869,,US,NY,Westchester
2020-09-28,,,2,0,11,1577,1439,2085,358,30,2251,5536,457,33927,215407,97067,462120,,US,NY,Westchester
2020-09-29,,,2,0,11,1579,1439,2096,356,30,2251,5511,456,33896,215764,97097,464370,,US,NY,Westchester
2020-09-30,,,2,0,11,1581,1440,2106,355,30,2249,5487,456,33864,216119,97128,466618,,US,NY,Westchester
2020-10-01,,,2,0,11,1583,1440,2117,354,30,2261,5463,456,33848,216472,97158,468879,,US,NY,Westchester
